Judici√°rio,"",1531787632761511936,{Judici√°rio},"[{""url"": ""http://pbs.twimg.com/media/FUIAuswWIAEuUUn.jpg"", ""type"": ""image""}, {""url"": ""http://pbs.twimg.com/media/FUIAusyWIAAGhGA.jpg"", ""type"": ""image""}]","{""tweet"": 1531787632761511936, ""score_name_emoji"": 0.0, ""score_action_call"": 0.0, ""score_mixed_terms"": 0.0, ""score_name_length"": 0.0, ""score_tweet_emoji"": 0.0, ""score_tweet_length"": 0.0, ""score_profile_faces"": 2.0, ""score_tweet_queries"": 0.0, ""score_alarmist_tweet"": 0.0, ""score_average_tweets"": 4.0, ""score_tweet_hashtags"": 0.0, ""score_changed_picture"": 1.0, ""score_followers_count"": 2.0, ""score_offensive_tweet"": 0.0, ""score_tweet_uppercase"": 1.0, ""score_account_creation"": 0.0, ""score_profile_verified"": 1.0, ""score_third_level_term"": 0.0, ""score_zero_connections"": 0.0, ""score_friends_followers"": 2.0, ""score_provocation_tweet"": 1.0, ""score_random_screenname"": 1.0, ""score_changed_background"": -2.0, ""score_creation_followers"": 0.0, ""score_exaggeration_tweet"": -3.0, ""score_followers_retweets"": 0.0, ""score_creation_threemonth"": 0.0}",2022-06-01 00:00:05+00,"N√£o √© quinta, mas cabe esse TBT. Foi em 2017. De l√° para c√° muita coisa aconteceu, mas nem o STF teve coragem de dizer que ele √© inocente. Apenas usaram de uma manobra processual para livra-lo da cadeia, para onde deve retornar em breve. ",{},103,14,"Al√™ Silva üáßüá∑Meu Presidente, nosso her√≥iüáßüá∑",alesilva_38,2018-04-12 17:13:35+00,t,197471,511,6127,https://pbs.twimg.com/profile_images/1369342618270830594/9z4OnYry_400x400.jpg,t,f,https://twitter.com/alesilva_38/status/1531787632761511936,2022-06-01 01:15:51.399659+00,monitoring,0,f,,{}
Judici√°rio,"",1531787687543316481,{Judici√°rio},[],"{""tweet"": 1531787687543316481, ""score_name_emoji"": 0.0, ""score_action_call"": 0.0, ""score_mixed_terms"": 2.0, ""score_name_length"": 0.0, ""score_tweet_emoji"": -1.0, ""score_tweet_length"": 0.0, ""score_profile_faces"": -1.0, ""score_tweet_queries"": 0.0, ""score_alarmist_tweet"": 0.0, ""score_average_tweets"": -5.0, ""score_tweet_hashtags"": 0.0, ""score_changed_picture"": 1.0, ""score_followers_count"": 2.0, ""score_offensive_tweet"": 0.0, ""score_tweet_uppercase"": 1.0, ""score_account_creation"": 0.0, ""score_profile_verified"": 0.0, ""score_third_level_term"": 0.0, ""score_zero_connections"": 0.0, ""score_friends_followers"": 2.0, ""score_provocation_tweet"": 1.0, ""score_random_screenname"": 1.0, ""score_changed_background"": -2.0, ""score_creation_followers"": 0.0, ""score_exaggeration_tweet"": 0.0, ""score_followers_retweets"": 0.0, ""score_creation_threemonth"": 0.0}",2022-06-01 00:00:18+00,"Mas na suspens√£o, o ministro Barroso j√° deixou claro sua posi√ß√£o contra os professores alegando falta de indicativo a novas fontes de receita para a nossa despesa. Acontece que o governo n√£o abriu di√°logo com os deputados para tal, os quais sequer tiveram acesso ao or√ßamento. üß∂",{},2,0,Lenilson de Mello üáßüá∑üè¥üö©,leninaveira2,2020-05-06 04:28:44+00,f,5062,5531,53299,https://pbs.twimg.com/profile_images/1495016313609236486/S8D_92nN_400x400.jpg,t,f,https://twitter.com/leninaveira2/status/1531787687543316481,2022-06-01 01:15:29.931625+00,api_query,0,f,,{}
"Judici√°rio, Elei√ß√µes Presidenciais 2022","",1531787690504556547,"{Judici√°rio,""Elei√ß√µes Presidenciais 2022""}",[],"{""tweet"": 1531787690504556547, ""score_name_emoji"": 0.0, ""score_action_call"": 0.0, ""score_mixed_terms"": 2.0, ""score_name_length"": 0.0, ""score_tweet_emoji"": -1.0, ""score_tweet_length"": 0.0, ""score_profile_faces"": -1.0, ""score_tweet_queries"": 0.0, ""score_alarmist_tweet"": 0.0, ""score_average_tweets"": -5.0, ""score_tweet_hashtags"": 0.0, ""score_changed_picture"": 1.0, ""score_followers_count"": 2.0, ""score_offensive_tweet"": 0.0, ""score_tweet_uppercase"": -4.0, ""score_account_creation"": 0.0, ""score_profile_verified"": 0.0, ""score_third_level_term"": 0.0, ""score_zero_connections"": 0.0, ""score_friends_followers"": 2.0, ""score_provocation_tweet"": 1.0, ""score_random_screenname"": 1.0, ""score_changed_background"": -2.0, ""score_creation_followers"": 0.0, ""score_exaggeration_tweet"": 0.0, ""score_followers_retweets"": 0.0, ""score_creation_threemonth"": 0.0}",2022-06-01 00:00:19+00,"Est√° mais do que claro qual ser√°, infelizmente, o voto do relator Barroso. √â preciso que nos unamos NACIONALMENTE como classe para DIALOGAR com os ministros do STF, enviarmos e-mails, promovermos debates, porque nosso aumento √© um DIREITO! Decidido pela Casa do Povo! üß∂",{},7,0,Lenilson de Mello üáßüá∑üè¥üö©,leninaveira2,2020-05-06 04:28:44+00,f,5062,5531,53299,https://pbs.twimg.com/profile_images/1495016313609236486/S8D_92nN_400x400.jpg,t,f,https://twitter.com/leninaveira2/status/1531787690504556547,2022-06-01 01:15:29.931483+00,api_query,0,f,,{}
Coronav√≠rus,"",1531787733139705856,{Coronav√≠rus},"[{""url"": ""http://pbs.twimg.com/media/FUIA01KXEAEfR20.jpg"", ""type"": ""image""}]","{""tweet"": 1531787733139705856, ""score_name_emoji"": 0.0, ""score_action_call"": 0.0, ""score_mixed_terms"": 2.0, ""score_name_length"": 1.0, ""score_tweet_emoji"": 0.0, ""score_tweet_length"": 0.0, ""score_profile_faces"": -1.0, ""score_tweet_queries"": 0.0, ""score_alarmist_tweet"": 0.0, ""score_average_tweets"": -5.0, ""score_tweet_hashtags"": 0.0, ""score_changed_picture"": 1.0, ""score_followers_count"": -2.0, ""score_offensive_tweet"": 0.0, ""score_tweet_uppercase"": 1.0, ""score_account_creation"": 0.0, ""score_profile_verified"": 0.0, ""score_third_level_term"": -5.0, ""score_zero_connections"": 0.0, ""score_friends_followers"": 2.0, ""score_provocation_tweet"": 1.0, ""score_random_screenname"": -5.0, ""score_changed_background"": -2.0, ""score_creation_followers"": 0.0, ""score_exaggeration_tweet"": 0.0, ""score_followers_retweets"": 0.0, ""score_creation_threemonth"": -5.0}",2022-06-01 00:00:29+00,"E vc a√≠,  achando que que era s√≥ uma picadinha.... ",{},3,2,M.Martin üáßüá∑üáßüá∑üáßüá∑,MMartin22882288,2022-04-27 22:23:21+00,f,881,611,2724,https://pbs.twimg.com/profile_images/1520920939722125312/3RomDFgF_400x400.jpg,t,f,https://twitter.com/MMartin22882288/status/1531787733139705856,2022-06-01 01:15:18.500193+00,api_query,0,f,,{}
Judici√°rio,"",1531787749153509377,{Judici√°rio},"[{""url"": ""https://direitaonline.com.br/barroso-cancela-depoimento-de-paulo-guedes-em-inquerito-contra-renan-calheiros-sobre-fraudes-no-postalis/"", ""type"": ""link""}]","{""tweet"": 1531787749153509377, ""score_name_emoji"": 0.0, ""score_action_call"": 0.0, ""score_mixed_terms"": 2.0, ""score_name_length"": 1.0, ""score_tweet_emoji"": 0.0, ""score_tweet_length"": 0.0, ""score_profile_faces"": -1.0, ""score_tweet_queries"": 0.0, ""score_alarmist_tweet"": 0.0, ""score_average_tweets"": 4.0, ""score_tweet_hashtags"": 0.0, ""score_changed_picture"": 1.0, ""score_followers_count"": 2.0, ""score_offensive_tweet"": 0.0, ""score_tweet_uppercase"": 1.0, ""score_account_creation"": 0.0, ""score_profile_verified"": 0.0, ""score_third_level_term"": 0.0, ""score_zero_connections"": 0.0, ""score_friends_followers"": 2.0, ""score_provocation_tweet"": 1.0, ""score_random_screenname"": 1.0, ""score_changed_background"": -2.0, ""score_creation_followers"": 0.0, ""score_exaggeration_tweet"": 0.0, ""score_followers_retweets"": 0.0, ""score_creation_threemonth"": 0.0}",2022-06-01 00:00:33+00,"O ministro da Economia sustentou que n√£o tem nenhuma rela√ß√£o com o objeto da investiga√ß√£o nem foi indicado como testemunha pela PGR.

",{},7,1,Direita Online,direita_online,2020-05-25 21:18:19+00,f,4113,4892,2054,https://pbs.twimg.com/profile_images/1265035425573474307/QPhw30YO_400x400.jpg,t,f,https://twitter.com/direita_online/status/1531787749153509377,2022-06-01 01:15:29.931333+00,api_query,0,f,,{}
"Judici√°rio, Democracia, Elei√ß√µes Presidenciais 2022","",1531787756619317248,"{Judici√°rio,Democracia,""Elei√ß√µes Presidenciais 2022""}","[{""url"": ""https://revistaoeste.com/politica/teste-de-seguranca-das-urnas-eletronicas-do-tse-e-insuficiente-diz-especialista/"", ""type"": ""link""}]","{""tweet"": 1531787756619317248, ""score_name_emoji"": 0.0, ""score_action_call"": 0.0, ""score_mixed_terms"": 2.0, ""score_name_length"": 0.0, ""score_tweet_emoji"": 0.0, ""score_tweet_length"": 0.0, ""score_profile_faces"": 2.0, ""score_tweet_queries"": 0.0, ""score_alarmist_tweet"": 0.0, ""score_average_tweets"": 4.0, ""score_tweet_hashtags"": 0.0, ""score_changed_picture"": 1.0, ""score_followers_count"": 2.0, ""score_offensive_tweet"": 0.0, ""score_tweet_uppercase"": 1.0, ""score_account_creation"": 0.0, ""score_profile_verified"": 0.0, ""score_third_level_term"": 0.0, ""score_zero_connections"": 0.0, ""score_friends_followers"": 2.0, ""score_provocation_tweet"": 1.0, ""score_random_screenname"": 1.0, ""score_changed_background"": -2.0, ""score_creation_followers"": 0.0, ""score_exaggeration_tweet"": 0.0, ""score_followers_retweets"": 0.0, ""score_creation_threemonth"": 0.0}",2022-06-01 00:00:35+00,"Os testes do TSE pouco valem pois n√£o consideram a invas√£o, hackeamento ou fraude vinda de dentro do pr√≥prio √≥rg√£o, diz engenheiro especialista. E √© isso que mais tememos, os paraguaios Fachin, Barroso e Moraes n√£o convencem, eles assustam

",{},41,19,Sergio Fischer üáßüá∑ ‚Ä†,xfischer,2009-06-24 01:04:34+00,f,27776,28180,23281,https://pbs.twimg.com/profile_images/279346889/007-c_400x400.jpg,t,f,https://twitter.com/xfischer/status/1531787756619317248,2022-06-01 01:15:29.931213+00,monitoring,0,f,,{}
"Judici√°rio, Elei√ß√µes Presidenciais 2022","",1531787828774031427,"{Judici√°rio,""Elei√ß√µes Presidenciais 2022""}",[],"{""tweet"": 1531787828774031427, ""score_name_emoji"": 0.0, ""score_action_call"": 0.0, ""score_mixed_terms"": -4.0, ""score_name_length"": 0.0, ""score_tweet_emoji"": 0.0, ""score_tweet_length"": 0.0, ""score_profile_faces"": -1.0, ""score_tweet_queries"": 1.0, ""score_alarmist_tweet"": 0.0, ""score_average_tweets"": 4.0, ""score_tweet_hashtags"": 0.0, ""score_changed_picture"": 1.0, ""score_followers_count"": 2.0, ""score_offensive_tweet"": -3.0, ""score_tweet_uppercase"": 1.0, ""score_account_creation"": 0.0, ""score_profile_verified"": 0.0, ""score_third_level_term"": 0.0, ""score_zero_connections"": 0.0, ""score_friends_followers"": 2.0, ""score_provocation_tweet"": -3.0, ""score_random_screenname"": -5.0, ""score_changed_background"": -2.0, ""score_creation_followers"": 0.0, ""score_exaggeration_tweet"": -3.0, ""score_followers_retweets"": 0.0, ""score_creation_threemonth"": 0.0}",2022-06-01 00:00:52+00,"@leandrocidade22 Quem chama o Presidente de inimigo √©  o @STF_oficial !
Se o Povo est√°, na esmagadora maioria, a favor do Presidente @jairbolsonaro , pergunto: quem √©  o inimigo da Na√ß√£o?
Com a palavra nosso semideus Fux!
Ter√£o  que calar e prender mais de 60 milh√µes  de pessoas?",{},0,0,Brasil acima de tudo! üáßüá∑2Ô∏è‚É£2Ô∏è‚É£ü§ùüì¢üåç,Estevao_1974,2011-12-21 13:31:29+00,f,5171,5280,103462,https://pbs.twimg.com/profile_images/1434681214732996611/tGqbhGsl_400x400.jpg,t,f,https://twitter.com/Estevao_1974/status/1531787828774031427,2022-06-01 01:15:42.701048+00,monitoring,1.85,t,,{Judici√°rio}
"Democracia, Elei√ß√µes Presidenciais 2022","",1531787835430273027,"{Democracia,""Elei√ß√µes Presidenciais 2022""}",[],null,2022-06-01 00:00:53+00,@mellrealoficial Voto impresso audit√°vel j√°,{},1,0,Cristiano,cristiano_iq,2015-08-19 14:56:06+00,f,62,342,1277,https://pbs.twimg.com/profile_images/1249028475186528256/frfhGgDH_400x400.jpg,t,f,https://twitter.com/cristiano_iq/status/1531787835430273027,2022-06-01 01:15:29.931084+00,api_query,0,f,,"{""Elei√ß√µes Presidenciais 2022""}"
"Judici√°rio, Elei√ß√µes Presidenciais 2022",#ImpeachmentAlexandreDeMoraes,1531787844422877188,"{Judici√°rio,""Elei√ß√µes Presidenciais 2022""}","[{""url"": ""http://pbs.twimg.com/media/FUIA7QPWQAAHzpf.jpg"", ""type"": ""image""}]","{""tweet"": 1531787844422877188, ""score_name_emoji"": 0.0, ""score_action_call"": 0.0, ""score_mixed_terms"": 0.0, ""score_name_length"": 0.0, ""score_tweet_emoji"": -1.0, ""score_tweet_length"": 0.0, ""score_profile_faces"": 2.0, ""score_tweet_queries"": 0.0, ""score_alarmist_tweet"": -2.0, ""score_average_tweets"": 4.0, ""score_tweet_hashtags"": -4.0, ""score_changed_picture"": 1.0, ""score_followers_count"": 2.0, ""score_offensive_tweet"": 0.0, ""score_tweet_uppercase"": 1.0, ""score_account_creation"": 0.0, ""score_profile_verified"": 0.0, ""score_third_level_term"": 0.0, ""score_zero_connections"": 0.0, ""score_friends_followers"": 2.0, ""score_provocation_tweet"": 1.0, ""score_random_screenname"": 1.0, ""score_changed_background"": 1.0, ""score_creation_followers"": 0.0, ""score_exaggeration_tweet"": 0.0, ""score_followers_retweets"": 0.0, ""score_creation_threemonth"": 0.0}",2022-06-01 00:00:56+00,"üö®üö®üö®üö®URGENTE üö®üö®üö®üö®
Eu j√° falei, quando esse cara assumir a presid√™ncia do TSE, vai mandar prender muita gente. Ele j√° falou que ir√° fazer isso. Todos os m√©todos at√© o momento contribui para isso.
#ImpeachmentAlexandreDeMoraes ",{#ImpeachmentAlexandreDeMoraes},0,0,Ivan Grandson üáßüá∑üõ°Ô∏è‚öîÔ∏èüíé,ivanwerine,2010-04-25 16:06:03+00,f,1044,1238,4471,https://pbs.twimg.com/profile_images/1479560949908619266/X5EAvQya_400x400.jpg,t,t,https://twitter.com/ivanwerine/status/1531787844422877188,2022-06-01 01:15:42.62282+00,api_query,0,f,,{}
Elei√ß√µes Presidenciais 2022,#BolsonaroPresidenteAte2026,1531787855185559552,"{""Elei√ß√µes Presidenciais 2022""}","[{""url"": ""https://rota2014.blogspot.com/2022/05/clint-eastwood-faz-92-anos.html?spref=tw"", ""type"": ""link""}]","{""tweet"": 1531787855185559552, ""score_name_emoji"": 0.0, ""score_action_call"": 0.0, ""score_mixed_terms"": 2.0, ""score_name_length"": 1.0, ""score_tweet_emoji"": 0.0, ""score_tweet_length"": 0.0, ""score_profile_faces"": 2.0, ""score_tweet_queries"": 0.0, ""score_alarmist_tweet"": 0.0, ""score_average_tweets"": -5.0, ""score_tweet_hashtags"": 0.0, ""score_changed_picture"": 1.0, ""score_followers_count"": 2.0, ""score_offensive_tweet"": 0.0, ""score_tweet_uppercase"": 1.0, ""score_account_creation"": 0.0, ""score_profile_verified"": 0.0, ""score_third_level_term"": 0.0, ""score_zero_connections"": 0.0, ""score_friends_followers"": 2.0, ""score_provocation_tweet"": 1.0, ""score_random_screenname"": 1.0, ""score_changed_background"": -2.0, ""score_creation_followers"": 0.0, ""score_exaggeration_tweet"": 0.0, ""score_followers_retweets"": 0.0, ""score_creation_threemonth"": 0.0}",2022-06-01 00:00:58+00,#BolsonaroPresidenteAte2026 Clint Eastwood faz 92 anos ,{#BolsonaroPresidenteAte2026},1,1,Tomaz,josetomazfilho,2009-09-14 20:00:22+00,f,14465,3655,302958,https://pbs.twimg.com/profile_images/1512410827235680263/uOzMON9Y_400x400.jpg,t,f,https://twitter.com/josetomazfilho/status/1531787855185559552,2022-06-01 01:15:51.426418+00,monitoring,0,f,,{}
"Democracia, Elei√ß√µes Presidenciais 2022","",1531787862466875392,"{Democracia,""Elei√ß√µes Presidenciais 2022""}",[],"{""tweet"": 1531787862466875392, ""score_name_emoji"": 0.0, ""score_action_call"": 0.0, ""score_mixed_terms"": 0.0, ""score_name_length"": 1.0, ""score_tweet_emoji"": 0.0, ""score_tweet_length"": 0.0, ""score_profile_faces"": 2.0, ""score_tweet_queries"": 0.0, ""score_alarmist_tweet"": 0.0, ""score_average_tweets"": 4.0, ""score_tweet_hashtags"": 0.0, ""score_changed_picture"": 1.0, ""score_followers_count"": 2.0, ""score_offensive_tweet"": -3.0, ""score_tweet_uppercase"": 1.0, ""score_account_creation"": 0.0, ""score_profile_verified"": 1.0, ""score_third_level_term"": 0.0, ""score_zero_connections"": 0.0, ""score_friends_followers"": 2.0, ""score_provocation_tweet"": 1.0, ""score_random_screenname"": 1.0, ""score_changed_background"": 1.0, ""score_creation_followers"": 0.0, ""score_exaggeration_tweet"": 0.0, ""score_followers_retweets"": 0.0, ""score_creation_threemonth"": 0.0}",2022-06-01 00:01:00+00,"Decreto do Bolsonaro tira R$ 8,2 bilh√µes do or√ßamento em √°reas como educa√ß√£o, sa√∫de e ci√™ncia. Solicitamos via LAI informa√ß√µes sobre os crit√©rios estabelecidos para defini√ß√£o dos cortes em cada Minist√©rio. Quando √© para comprar o Centr√£o, n√£o importa o infame Teto de Gastos.",{},167,32,Ivan Valente,IvanValente,2010-02-08 18:34:16+00,t,347669,2536,30342,https://pbs.twimg.com/profile_images/1409905213859930117/KGGh5oO-_400x400.jpg,t,t,https://twitter.com/IvanValente/status/1531787862466875392,2022-06-01 02:21:16.116199+00,monitoring,0,f,,{}
"Democracia, Elei√ß√µes Presidenciais 2022","",1531787979743698946,"{Democracia,""Elei√ß√µes Presidenciais 2022""}",[],"{""tweet"": 1531787979743698946, ""score_name_emoji"": 0.0, ""score_action_call"": 0.0, ""score_mixed_terms"": 2.0, ""score_name_length"": 1.0, ""score_tweet_emoji"": 0.0, ""score_tweet_length"": 0.0, ""score_profile_faces"": -1.0, ""score_tweet_queries"": 1.0, ""score_alarmist_tweet"": 0.0, ""score_average_tweets"": 4.0, ""score_tweet_hashtags"": 0.0, ""score_changed_picture"": 1.0, ""score_followers_count"": -2.0, ""score_offensive_tweet"": 0.0, ""score_tweet_uppercase"": 1.0, ""score_account_creation"": 0.0, ""score_profile_verified"": 0.0, ""score_third_level_term"": 0.0, ""score_zero_connections"": 0.0, ""score_friends_followers"": 2.0, ""score_provocation_tweet"": 1.0, ""score_random_screenname"": -5.0, ""score_changed_background"": -2.0, ""score_creation_followers"": 0.0, ""score_exaggeration_tweet"": 0.0, ""score_followers_retweets"": 0.0, ""score_creation_threemonth"": 0.0}",2022-06-01 00:01:28+00,Ministro para de cao!  Ningu√©m acredita nessas urnas sem voto impresso nas m√£os de ministros que n√£o tem o m√≠nimo de credibilidade perante o povo brasileiro! https://t.co/LDgAhw2M8w,{},0,0,Robson Faria,RobsonF55125466,2019-06-02 12:57:16+00,f,142,421,18417,https://pbs.twimg.com/profile_images/1374148266221305859/fgnF1fFh_400x400.jpg,t,f,https://twitter.com/RobsonF55125466/status/1531787979743698946,2022-06-01 01:15:29.930973+00,api_query,6.08,f,,"{Democracia,""Elei√ß√µes Presidenciais 2022""}"
"Judici√°rio, Elei√ß√µes Presidenciais 2022","",1531787990997278720,"{Judici√°rio,""Elei√ß√µes Presidenciais 2022""}",[],"{""tweet"": 1531787990997278720, ""score_name_emoji"": 0.0, ""score_action_call"": 0.0, ""score_mixed_terms"": 2.0, ""score_name_length"": 1.0, ""score_tweet_emoji"": 0.0, ""score_tweet_length"": 0.0, ""score_profile_faces"": -1.0, ""score_tweet_queries"": 0.0, ""score_alarmist_tweet"": 0.0, ""score_average_tweets"": 4.0, ""score_tweet_hashtags"": 0.0, ""score_changed_picture"": 1.0, ""score_followers_count"": -2.0, ""score_offensive_tweet"": 0.0, ""score_tweet_uppercase"": 1.0, ""score_account_creation"": 0.0, ""score_profile_verified"": 0.0, ""score_third_level_term"": 0.0, ""score_zero_connections"": 0.0, ""score_friends_followers"": 2.0, ""score_provocation_tweet"": 1.0, ""score_random_screenname"": 1.0, ""score_changed_background"": 1.0, ""score_creation_followers"": 0.0, ""score_exaggeration_tweet"": 0.0, ""score_followers_retweets"": 0.0, ""score_creation_threemonth"": 0.0}",2022-06-01 00:01:30+00,"@CarlaZambelli38 @jairbolsonaro Sim, mas futuro presidente √© quem tem o STF/TSE nas m√£os.",{},0,0,Simas Tur Banu,ahsousilverio,2017-09-08 17:24:13+00,f,55,136,6770,https://pbs.twimg.com/profile_images/1321003975941017601/LBK0jhAF_400x400.jpg,t,t,https://twitter.com/ahsousilverio/status/1531787990997278720,2022-06-01 01:15:42.622558+00,api_query,0,f,,{}
"Judici√°rio, Elei√ß√µes Presidenciais 2022","",1531787991189970944,"{Judici√°rio,""Elei√ß√µes Presidenciais 2022""}",[],"{""tweet"": 1531787991189970944, ""score_name_emoji"": 0.0, ""score_action_call"": 0.0, ""score_mixed_terms"": 0.0, ""score_name_length"": 1.0, ""score_tweet_emoji"": 0.0, ""score_tweet_length"": 0.0, ""score_profile_faces"": -1.0, ""score_tweet_queries"": 0.0, ""score_alarmist_tweet"": 0.0, ""score_average_tweets"": 4.0, ""score_tweet_hashtags"": 0.0, ""score_changed_picture"": 1.0, ""score_followers_count"": 2.0, ""score_offensive_tweet"": -3.0, ""score_tweet_uppercase"": 1.0, ""score_account_creation"": 0.0, ""score_profile_verified"": 0.0, ""score_third_level_term"": 0.0, ""score_zero_connections"": 0.0, ""score_friends_followers"": 2.0, ""score_provocation_tweet"": 1.0, ""score_random_screenname"": 1.0, ""score_changed_background"": -2.0, ""score_creation_followers"": 0.0, ""score_exaggeration_tweet"": 0.0, ""score_followers_retweets"": 0.0, ""score_creation_threemonth"": 0.0}",2022-06-01 00:01:31+00,"E o Globo, deveria receber o Pr√™mio Chupa Saco do Ano, do TSE, percebam pentelhos de varios Ministros no canto das bocas do Jurados da Globo. Conheci o Dr. Roberto Marinho, na sua casa do Cosme Velho e tenho certeza de que ele se envergonharia do que se transformou o seu legado. https://t.co/lwz8yTZHUE",{},3,0,sergio cardoso,sergiogcardoso1,2015-12-27 16:08:23+00,f,7962,5832,24327,https://pbs.twimg.com/profile_images/1380911163760857088/1PQoXUtg_400x400.jpg,t,f,https://twitter.com/sergiogcardoso1/status/1531787991189970944,2022-06-01 01:15:42.622443+00,api_query,0,f,,{}
Coronav√≠rus,"",1531788034705956864,{Coronav√≠rus},[],null,2022-06-01 00:01:41+00,"t√° bom, o fim da picada vai ser se o Mosquito for embora",{},0,0,VERGONHA!!!,VicenteFelipe_2,2021-12-11 20:59:14+00,f,26,194,2081,https://pbs.twimg.com/profile_images/1469774786796699650/gFLUZQxh_400x400.jpg,t,f,https://twitter.com/VicenteFelipe_2/status/1531788034705956864,2022-06-01 01:15:18.56532+00,api_query,0,f,,{}
"Judici√°rio, Democracia, Elei√ß√µes Presidenciais 2022","#Elei√ß√µes2022, #PIX",1531788056197464071,"{Judici√°rio,Democracia,""Elei√ß√µes Presidenciais 2022""}","[{""url"": ""https://zpr.io/N3MF8cGZTLjR"", ""type"": ""link""}]","{""tweet"": 1531788056197464071, ""score_name_emoji"": 0.0, ""score_action_call"": 0.0, ""score_mixed_terms"": 2.0, ""score_name_length"": 1.0, ""score_tweet_emoji"": 0.0, ""score_tweet_length"": 0.0, ""score_profile_faces"": -1.0, ""score_tweet_queries"": 0.0, ""score_alarmist_tweet"": 0.0, ""score_average_tweets"": 4.0, ""score_tweet_hashtags"": 0.0, ""score_changed_picture"": 1.0, ""score_followers_count"": 2.0, ""score_offensive_tweet"": 0.0, ""score_tweet_uppercase"": -4.0, ""score_account_creation"": 0.0, ""score_profile_verified"": 0.0, ""score_third_level_term"": 0.0, ""score_zero_connections"": 0.0, ""score_friends_followers"": 2.0, ""score_provocation_tweet"": 1.0, ""score_random_screenname"": 1.0, ""score_changed_background"": -2.0, ""score_creation_followers"": 0.0, ""score_exaggeration_tweet"": 0.0, ""score_followers_retweets"": 0.0, ""score_creation_threemonth"": 0.0}",2022-06-01 00:01:46+00,"TSE autoriza transa√ß√µes via PIX para arrecada√ß√£o de campanhas nas Elei√ß√µes 2022
#Elei√ß√µes2022 #PIX
","{#Elei√ß√µes2022,#PIX}",5,2,Money Times,leiamoneytimes,2009-06-26 17:45:06+00,f,110637,446,141414,https://pbs.twimg.com/profile_images/797137202195132418/hmEVlSZE_400x400.jpg,t,f,https://twitter.com/leiamoneytimes/status/1531788056197464071,2022-06-01 01:15:42.622311+00,api_query,0,f,,{}
Elei√ß√µes Presidenciais 2022,"",1531788123478310913,"{""Elei√ß√µes Presidenciais 2022""}",[],"{""tweet"": 1531788123478310913, ""score_name_emoji"": 0.0, ""score_action_call"": 0.0, ""score_mixed_terms"": -2.0, ""score_name_length"": 0.0, ""score_tweet_emoji"": 0.0, ""score_tweet_length"": 0.0, ""score_profile_faces"": 2.0, ""score_tweet_queries"": 0.0, ""score_alarmist_tweet"": -2.0, ""score_average_tweets"": 4.0, ""score_tweet_hashtags"": 0.0, ""score_changed_picture"": 1.0, ""score_followers_count"": -2.0, ""score_offensive_tweet"": 0.0, ""score_tweet_uppercase"": 1.0, ""score_account_creation"": -4.0, ""score_profile_verified"": 0.0, ""score_third_level_term"": 0.0, ""score_zero_connections"": 0.0, ""score_friends_followers"": 2.0, ""score_provocation_tweet"": -3.0, ""score_random_screenname"": 1.0, ""score_changed_background"": -2.0, ""score_creation_followers"": 0.0, ""score_exaggeration_tweet"": 0.0, ""score_followers_retweets"": 0.0, ""score_creation_threemonth"": 0.0}",2022-06-01 00:02:02+00,"@renataagostini Antes, rep√≥rter tinha que entender um pouco de tudo.

Hoje, precisa entender nada de tudo.

√â s√≥ se comportar como ""papagaio de pirata"" e reproduzir bobagens que ouve, sem senso cr√≠tico.

Uma coisa √© ""sistema inviol√°vel"" (que n√£o existe).
Outra √© n√£o ter sido violado (ainda).",{},0,0,Marcelo Mota Ribeiro,marcelodevbr,2022-01-28 23:15:00+00,f,99,273,597,https://pbs.twimg.com/profile_images/1487202625514790912/eSHbsQeW_400x400.jpg,t,f,https://twitter.com/marcelodevbr/status/1531788123478310913,2022-06-01 01:15:42.622194+00,api_query,0,f,,{}
Elei√ß√µes Presidenciais 2022,"",1531788323911569408,"{""Elei√ß√µes Presidenciais 2022""}",[],"{""tweet"": 1531788323911569408, ""score_name_emoji"": 0.0, ""score_action_call"": 0.0, ""score_mixed_terms"": 2.0, ""score_name_length"": 1.0, ""score_tweet_emoji"": 0.0, ""score_tweet_length"": 0.0, ""score_profile_faces"": 2.0, ""score_tweet_queries"": 0.0, ""score_alarmist_tweet"": 0.0, ""score_average_tweets"": 4.0, ""score_tweet_hashtags"": 0.0, ""score_changed_picture"": 1.0, ""score_followers_count"": -2.0, ""score_offensive_tweet"": 0.0, ""score_tweet_uppercase"": 1.0, ""score_account_creation"": 0.0, ""score_profile_verified"": 0.0, ""score_third_level_term"": 0.0, ""score_zero_connections"": 0.0, ""score_friends_followers"": 2.0, ""score_provocation_tweet"": 1.0, ""score_random_screenname"": 1.0, ""score_changed_background"": -2.0, ""score_creation_followers"": 0.0, ""score_exaggeration_tweet"": 0.0, ""score_followers_retweets"": 0.0, ""score_creation_threemonth"": 0.0}",2022-06-01 00:02:50+00,@andreporci Acho que ele e Lulinha malham na mesma academia!! Kkkk,{},0,0,ELENICE FERRARI,eleniceferrari,2014-04-05 02:01:56+00,f,98,133,611,https://pbs.twimg.com/profile_images/1410595211210747911/NS_yTUH6_400x400.jpg,t,f,https://twitter.com/eleniceferrari/status/1531788323911569408,2022-06-01 01:15:42.621946+00,api_query,0,f,,{}
"Judici√°rio, Democracia, Elei√ß√µes Presidenciais 2022","",1531788483139973122,"{Judici√°rio,Democracia,""Elei√ß√µes Presidenciais 2022""}","[{""url"": ""https://esquerdanews.com/presidente-do-tse-diz-que-instituicoes-vao-garantir-democracia-no-pais/"", ""type"": ""link""}]","{""tweet"": 1531788483139973122, ""score_name_emoji"": 0.0, ""score_action_call"": 0.0, ""score_mixed_terms"": 2.0, ""score_name_length"": 1.0, ""score_tweet_emoji"": 0.0, ""score_tweet_length"": 0.0, ""score_profile_faces"": -1.0, ""score_tweet_queries"": 0.0, ""score_alarmist_tweet"": 0.0, ""score_average_tweets"": 4.0, ""score_tweet_hashtags"": 0.0, ""score_changed_picture"": 1.0, ""score_followers_count"": 2.0, ""score_offensive_tweet"": 0.0, ""score_tweet_uppercase"": 1.0, ""score_account_creation"": 0.0, ""score_profile_verified"": 0.0, ""score_third_level_term"": 0.0, ""score_zero_connections"": 0.0, ""score_friends_followers"": 2.0, ""score_provocation_tweet"": 1.0, ""score_random_screenname"": -5.0, ""score_changed_background"": 1.0, ""score_creation_followers"": 0.0, ""score_exaggeration_tweet"": 0.0, ""score_followers_retweets"": 0.0, ""score_creation_threemonth"": 0.0}",2022-06-01 00:03:28+00,Presidente do TSE diz que institui√ß√µes v√£o garantir democracia no¬†pa√≠s ,{},0,0,ESQUERDA NEWS,EsquerdaNews13,2010-04-30 02:24:45+00,f,65723,10852,69212,https://pbs.twimg.com/profile_images/1500226108578537474/yFOev3ns_400x400.jpg,t,t,https://twitter.com/EsquerdaNews13/status/1531788483139973122,2022-06-01 01:15:42.621819+00,api_query,0,f,,{}
Elei√ß√µes Presidenciais 2022,"",1531788499413786629,"{""Elei√ß√µes Presidenciais 2022""}",[],"{""tweet"": 1531788499413786629, ""score_name_emoji"": 0.0, ""score_action_call"": 0.0, ""score_mixed_terms"": 2.0, ""score_name_length"": 0.0, ""score_tweet_emoji"": 0.0, ""score_tweet_length"": 0.0, ""score_profile_faces"": 2.0, ""score_tweet_queries"": 1.0, ""score_alarmist_tweet"": 0.0, ""score_average_tweets"": 4.0, ""score_tweet_hashtags"": 0.0, ""score_changed_picture"": 1.0, ""score_followers_count"": 2.0, ""score_offensive_tweet"": 0.0, ""score_tweet_uppercase"": 1.0, ""score_account_creation"": 0.0, ""score_profile_verified"": 0.0, ""score_third_level_term"": 0.0, ""score_zero_connections"": 0.0, ""score_friends_followers"": 2.0, ""score_provocation_tweet"": 1.0, ""score_random_screenname"": 1.0, ""score_changed_background"": -2.0, ""score_creation_followers"": 0.0, ""score_exaggeration_tweet"": 0.0, ""score_followers_retweets"": 0.0, ""score_creation_threemonth"": 0.0}",2022-06-01 00:03:32+00,"@Marbenje @mello65440 @marciosun @Nuu0204 @nefertiti2022 @LEANDROCORR21 @BetoBrasilRJ @evamanaos @CameloJubeni @Manuu0402 @CleberLSantos1 @Melkpsobrinho @Eduardo57009171 @BergMartins14 @Marben_je10 Basta aqueles que  n√£o querem o mula de volta, n√£o votar nulo e Bolsonaro ganhar√° no primeiro turno.",{},2,1,Zil√°Patriota22üáßüá∑ Juizforana,ZilaHelena,2011-09-12 16:10:36+00,f,76054,65627,100645,https://pbs.twimg.com/profile_images/1531218189190844416/bEHLQXIM_400x400.jpg,t,f,https://twitter.com/ZilaHelena/status/1531788499413786629,2022-06-01 01:15:58.510275+00,monitoring,8.85,f,,"{""Elei√ß√µes Presidenciais 2022""}"
Elei√ß√µes Presidenciais 2022,"",1531788504623104000,"{""Elei√ß√µes Presidenciais 2022""}",[],null,2022-06-01 00:03:33+00,"@deputadomoraes Linda demais!
Bolsonaro 2022!",{},50,1,Vanessa Navarro,vanessnnavarro,2020-07-08 23:12:53+00,f,78972,560,2809,https://pbs.twimg.com/profile_images/1512894937053990920/QFnKx1C__400x400.jpg,t,f,https://twitter.com/vanessnnavarro/status/1531788504623104000,2022-06-01 03:55:57.094484+00,monitoring,0,f,,{}
"Democracia, Elei√ß√µes Presidenciais 2022","",1531788576924569603,"{Democracia,""Elei√ß√µes Presidenciais 2022""}",[],"{""tweet"": 1531788576924569603, ""score_name_emoji"": 0.0, ""score_action_call"": 0.0, ""score_mixed_terms"": 2.0, ""score_name_length"": 0.0, ""score_tweet_emoji"": 0.0, ""score_tweet_length"": 0.0, ""score_profile_faces"": 2.0, ""score_tweet_queries"": 1.0, ""score_alarmist_tweet"": 0.0, ""score_average_tweets"": 4.0, ""score_tweet_hashtags"": 0.0, ""score_changed_picture"": 1.0, ""score_followers_count"": -2.0, ""score_offensive_tweet"": 0.0, ""score_tweet_uppercase"": 1.0, ""score_account_creation"": 0.0, ""score_profile_verified"": 0.0, ""score_third_level_term"": -5.0, ""score_zero_connections"": 0.0, ""score_friends_followers"": 2.0, ""score_provocation_tweet"": 1.0, ""score_random_screenname"": 1.0, ""score_changed_background"": -2.0, ""score_creation_followers"": 0.0, ""score_exaggeration_tweet"": 0.0, ""score_followers_retweets"": 0.0, ""score_creation_threemonth"": 0.0}",2022-06-01 00:03:50+00,"@JovemPanNews Bolsonaro defende o voto impresso, mas diz que houve fraude nos EUA que usa o voto impresso. Bolsonaro diz que pode ter fraude na urna eletr√¥nica que foi utilizada para contabilizar os votos que confirmaram sua vit√≥ria em 2018",{},0,0,Raphael de barros filho,Raphaeldebarro4,2019-03-29 15:06:27+00,f,52,332,33973,https://pbs.twimg.com/profile_images/1120468435744514048/NnRWQ_hJ_400x400.png,t,f,https://twitter.com/Raphaeldebarro4/status/1531788576924569603,2022-06-01 01:15:29.930841+00,api_query,6.38,f,,"{Democracia,""Elei√ß√µes Presidenciais 2022""}"
Judici√°rio,"",1531788582624669697,{Judici√°rio},[],null,2022-06-01 00:03:52+00,@PaulaCassolLima Togados do STF fiquem em casa‚Ä¶,{},0,0,natalio dimas rattin,DimasRattin,2018-11-09 22:06:45+00,f,28,20,2346,https://pbs.twimg.com/profile_images/1061020901490245632/zgPQ-IEl_400x400.jpg,t,f,https://twitter.com/DimasRattin/status/1531788582624669697,2022-06-01 01:15:29.901766+00,api_query,0,f,,{Judici√°rio}
Judici√°rio,"",1531788590086250496,{Judici√°rio},"[{""url"": ""https://video.twimg.com/ext_tw_video/1531767429105389569/pu/vid/720x960/Ar93TVZfSuNpP39I.mp4?tag=12"", ""type"": ""video""}]","{""tweet"": 1531788590086250496, ""score_name_emoji"": 0.0, ""score_action_call"": 0.0, ""score_mixed_terms"": 2.0, ""score_name_length"": 0.0, ""score_tweet_emoji"": 0.0, ""score_tweet_length"": 0.0, ""score_profile_faces"": 2.0, ""score_tweet_queries"": 0.0, ""score_alarmist_tweet"": 0.0, ""score_average_tweets"": 4.0, ""score_tweet_hashtags"": 0.0, ""score_changed_picture"": 1.0, ""score_followers_count"": 2.0, ""score_offensive_tweet"": 0.0, ""score_tweet_uppercase"": -4.0, ""score_account_creation"": 0.0, ""score_profile_verified"": 0.0, ""score_third_level_term"": 0.0, ""score_zero_connections"": 0.0, ""score_friends_followers"": 2.0, ""score_provocation_tweet"": 1.0, ""score_random_screenname"": 1.0, ""score_changed_background"": 1.0, ""score_creation_followers"": 0.0, ""score_exaggeration_tweet"": 0.0, ""score_followers_retweets"": 0.0, ""score_creation_threemonth"": 0.0}",2022-06-01 00:03:53+00,"Hoje estivemos em Bras√≠lia, no TCU, para falar sobre o novo modelo de ped√°gio no PR. Fomos recebidos pelo Ministro Walton Rodrigues e apresentamos os estudos t√©cnicos da UFPR, que apontam uma s√©rie de falhas no novo modelo de concess√£o de rodovias. Assista e saiba mais! ",{},5,3,Arilson Chiorato,arilsonchiorato,2010-11-27 14:50:38+00,f,1820,668,7264,https://pbs.twimg.com/profile_images/1499016030601027590/C9IO1n-u_400x400.jpg,t,t,https://twitter.com/arilsonchiorato/status/1531788590086250496,2022-06-01 01:15:29.901654+00,api_query,0,f,,{}
Coronav√≠rus,"",1531788662203387904,{Coronav√≠rus},[],"{""tweet"": 1531788662203387904, ""score_name_emoji"": 0.0, ""score_action_call"": 0.0, ""score_mixed_terms"": 2.0, ""score_name_length"": 1.0, ""score_tweet_emoji"": 0.0, ""score_tweet_length"": 0.0, ""score_profile_faces"": -1.0, ""score_tweet_queries"": 0.0, ""score_alarmist_tweet"": 0.0, ""score_average_tweets"": 4.0, ""score_tweet_hashtags"": 0.0, ""score_changed_picture"": 1.0, ""score_followers_count"": -2.0, ""score_offensive_tweet"": 0.0, ""score_tweet_uppercase"": 1.0, ""score_account_creation"": -4.0, ""score_profile_verified"": 0.0, ""score_third_level_term"": 0.0, ""score_zero_connections"": 0.0, ""score_friends_followers"": 2.0, ""score_provocation_tweet"": 1.0, ""score_random_screenname"": 1.0, ""score_changed_background"": -2.0, ""score_creation_followers"": 0.0, ""score_exaggeration_tweet"": 0.0, ""score_followers_retweets"": 0.0, ""score_creation_threemonth"": 0.0}",2022-06-01 00:04:10+00,@RenanRibeiro08 A√≠ desculpa mocinha doeu as picada dos pernilongo,{},2,0,Jose Henriquee_,da_josehenrique,2022-01-25 16:06:37+00,f,17,30,10,https://pbs.twimg.com/profile_images/1531453964088225792/eawrDELD_400x400.jpg,t,f,https://twitter.com/da_josehenrique/status/1531788662203387904,2022-06-01 01:15:18.565212+00,api_query,0,f,,{}
Judici√°rio,"",1531788689017384966,{Judici√°rio},"[{""url"": ""https://jornalambiente.com.br/tcu-acaba-com-farra-de-b0lsonaro-lnvestigacao-avanca-e-crlmes-vem-a-tona/"", ""type"": ""link""}]","{""tweet"": 1531788689017384966, ""score_name_emoji"": 0.0, ""score_action_call"": 0.0, ""score_mixed_terms"": -2.0, ""score_name_length"": 1.0, ""score_tweet_emoji"": 0.0, ""score_tweet_length"": 0.0, ""score_profile_faces"": 2.0, ""score_tweet_queries"": 0.0, ""score_alarmist_tweet"": -2.0, ""score_average_tweets"": 4.0, ""score_tweet_hashtags"": 0.0, ""score_changed_picture"": 1.0, ""score_followers_count"": -2.0, ""score_offensive_tweet"": 0.0, ""score_tweet_uppercase"": -4.0, ""score_account_creation"": 0.0, ""score_profile_verified"": 0.0, ""score_third_level_term"": -5.0, ""score_zero_connections"": 0.0, ""score_friends_followers"": 2.0, ""score_provocation_tweet"": 1.0, ""score_random_screenname"": 1.0, ""score_changed_background"": 1.0, ""score_creation_followers"": 0.0, ""score_exaggeration_tweet"": -3.0, ""score_followers_retweets"": 0.0, ""score_creation_threemonth"": 0.0}",2022-06-01 00:04:17+00,TCU ACABA COM FARRA DE B0LSONARO!! lNVESTIGA√á√ÉO AVAN√áA E CRlMES V√äM √Ä¬†TONA!!! ,{},0,0,Renato Andrade,renatoglobol,2009-09-30 10:10:44+00,f,241,131,20861,https://pbs.twimg.com/profile_images/1039051912216293376/ID1ZzVfb_400x400.jpg,t,t,https://twitter.com/renatoglobol/status/1531788689017384966,2022-06-01 01:15:29.901411+00,api_query,0,f,,{}
Coronav√≠rus,"",1531788692871946242,{Coronav√≠rus},[],"{""tweet"": 1531788692871946242, ""score_name_emoji"": 0.0, ""score_action_call"": 0.0, ""score_mixed_terms"": 0.0, ""score_name_length"": 0.0, ""score_tweet_emoji"": 0.0, ""score_tweet_length"": 0.0, ""score_profile_faces"": 2.0, ""score_tweet_queries"": 1.0, ""score_alarmist_tweet"": 0.0, ""score_average_tweets"": 4.0, ""score_tweet_hashtags"": 0.0, ""score_changed_picture"": 1.0, ""score_followers_count"": 2.0, ""score_offensive_tweet"": 0.0, ""score_tweet_uppercase"": 1.0, ""score_account_creation"": 0.0, ""score_profile_verified"": 0.0, ""score_third_level_term"": -5.0, ""score_zero_connections"": 0.0, ""score_friends_followers"": 2.0, ""score_provocation_tweet"": 1.0, ""score_random_screenname"": 1.0, ""score_changed_background"": -2.0, ""score_creation_followers"": 0.0, ""score_exaggeration_tweet"": -3.0, ""score_followers_retweets"": 0.0, ""score_creation_threemonth"": 0.0}",2022-06-01 00:04:18+00,"@ailtonamaral11 @MiguelNicolelis Esses mesmos cientistas omitem informa√ß√µes sobre vacinas: 200 mil efeitos adversos.
Omitem informa√ß√µes sobre uso cont√≠nuo de m√°scaras: fazem mal √† sa√∫de e ao aparelho respirat√≥rio.
E omitem informa√ß√µes sobre as mortes dos pacientes: 94% tinham comodidades.
Eu confio no que leio.",{},0,0,MarceloDC 2022üáßüá∑ üëΩ üóª‚ö°,marcelo_csi,2020-03-25 05:46:50+00,f,1000,646,32646,https://pbs.twimg.com/profile_images/1528428814811930629/JIc2BRwS_400x400.jpg,t,f,https://twitter.com/marcelo_csi/status/1531788692871946242,2022-06-01 01:15:58.43972+00,monitoring,5.77,f,,{Coronav√≠rus}
"Democracia, Elei√ß√µes Presidenciais 2022","",1531788797381423104,"{Democracia,""Elei√ß√µes Presidenciais 2022""}","[{""url"": ""http://pbs.twimg.com/media/FUIByzdXEAELkgx.jpg"", ""type"": ""image""}]","{""tweet"": 1531788797381423104, ""score_name_emoji"": 0.0, ""score_action_call"": 0.0, ""score_mixed_terms"": 0.0, ""score_name_length"": 0.0, ""score_tweet_emoji"": 0.0, ""score_tweet_length"": 0.0, ""score_profile_faces"": 2.0, ""score_tweet_queries"": 1.0, ""score_alarmist_tweet"": 0.0, ""score_average_tweets"": 4.0, ""score_tweet_hashtags"": 0.0, ""score_changed_picture"": 1.0, ""score_followers_count"": -2.0, ""score_offensive_tweet"": 0.0, ""score_tweet_uppercase"": -4.0, ""score_account_creation"": -4.0, ""score_profile_verified"": 0.0, ""score_third_level_term"": -5.0, ""score_zero_connections"": 0.0, ""score_friends_followers"": 2.0, ""score_provocation_tweet"": -3.0, ""score_random_screenname"": 1.0, ""score_changed_background"": -2.0, ""score_creation_followers"": 0.0, ""score_exaggeration_tweet"": 0.0, ""score_followers_retweets"": 0.0, ""score_creation_threemonth"": 0.0}",2022-06-01 00:04:43+00,"Mas de 58 milh√µes de brasileiros que votaram no Bolsonaro para o presidente do Brasil,  querem o voto impresso auditavel democr√°tico,  TRANSPAR√äNCIA  EM TODOS OS ATOS DA CONTAGEM ! No Brasil √© o povo brasileiro quem decide,  s√£o pessoas q pagam impostos! ",{},6,2,Sidrack Cavalcanti de Albuquerque,DeSidrack,2021-12-26 03:25:14+00,f,475,847,976,https://pbs.twimg.com/profile_images/1523044561723006976/LRozfr5l_400x400.jpg,t,f,https://twitter.com/DeSidrack/status/1531788797381423104,2022-06-01 01:15:29.930705+00,api_query,2.08,t,,"{""Elei√ß√µes Presidenciais 2022""}"
Judici√°rio,"",1531788850045063170,{Judici√°rio},"[{""url"": ""https://conservadorismodobrasil.com.br/2022/05/barroso-cancela-depoimento-de-paulo-guedes-a-policia-federal.html"", ""type"": ""link""}]","{""tweet"": 1531788850045063170, ""score_name_emoji"": 0.0, ""score_action_call"": 0.0, ""score_mixed_terms"": 2.0, ""score_name_length"": 0.0, ""score_tweet_emoji"": 0.0, ""score_tweet_length"": 0.0, ""score_profile_faces"": -1.0, ""score_tweet_queries"": 0.0, ""score_alarmist_tweet"": 0.0, ""score_average_tweets"": 4.0, ""score_tweet_hashtags"": 0.0, ""score_changed_picture"": 1.0, ""score_followers_count"": -2.0, ""score_offensive_tweet"": 0.0, ""score_tweet_uppercase"": 1.0, ""score_account_creation"": 0.0, ""score_profile_verified"": 0.0, ""score_third_level_term"": 0.0, ""score_zero_connections"": 0.0, ""score_friends_followers"": 2.0, ""score_provocation_tweet"": 1.0, ""score_random_screenname"": 1.0, ""score_changed_background"": -2.0, ""score_creation_followers"": 0.0, ""score_exaggeration_tweet"": 0.0, ""score_followers_retweets"": 0.0, ""score_creation_threemonth"": 0.0}",2022-06-01 00:04:55+00,Barroso cancela depoimento de Paulo Guedes √† Pol√≠cia¬†Federal ,{},0,0,Conservadorismo do Brasil,ConsDoBrasil,2019-04-23 22:49:12+00,f,370,283,17344,https://pbs.twimg.com/profile_images/1120837280258842624/j8SvA4lU_400x400.png,t,f,https://twitter.com/ConsDoBrasil/status/1531788850045063170,2022-06-01 01:15:29.930577+00,monitoring,0,f,,{}
"Judici√°rio, Elei√ß√µes Presidenciais 2022",#BolsonaroNaCadeia,1531788870760681475,"{Judici√°rio,""Elei√ß√µes Presidenciais 2022""}",[],"{""tweet"": 1531788870760681475, ""score_name_emoji"": 0.0, ""score_action_call"": 0.0, ""score_mixed_terms"": 0.0, ""score_name_length"": 0.0, ""score_tweet_emoji"": 0.0, ""score_tweet_length"": 0.0, ""score_profile_faces"": 2.0, ""score_tweet_queries"": 1.0, ""score_alarmist_tweet"": -2.0, ""score_average_tweets"": 4.0, ""score_tweet_hashtags"": 0.0, ""score_changed_picture"": 1.0, ""score_followers_count"": -2.0, ""score_offensive_tweet"": 0.0, ""score_tweet_uppercase"": 1.0, ""score_account_creation"": 0.0, ""score_profile_verified"": 0.0, ""score_third_level_term"": 0.0, ""score_zero_connections"": 0.0, ""score_friends_followers"": 2.0, ""score_provocation_tweet"": 1.0, ""score_random_screenname"": 1.0, ""score_changed_background"": 1.0, ""score_creation_followers"": 0.0, ""score_exaggeration_tweet"": 0.0, ""score_followers_retweets"": 0.0, ""score_creation_threemonth"": 0.0}",2022-06-01 00:05:00+00,√â inaceit√°vel que esse terrorismo praticado por bolsonazistas n√£o seja repreendido pela PF e TSE. Est√° claro que esses grupos est√£o se organizando pra realizar atentados contra Lula. As autoridades est√£o esperando o assassinato do ex-presidente pra agir? #BolsonaroNaCadeia https://t.co/Uj2N8dy3wo,{#BolsonaroNaCadeia},0,0,Lorenzo B M Barreto,lorenzobmb,2012-05-28 19:08:39+00,f,859,722,31291,https://pbs.twimg.com/profile_images/1529617102130364418/_MYLL_D6_400x400.jpg,t,t,https://twitter.com/lorenzobmb/status/1531788870760681475,2022-06-01 01:15:42.620719+00,api_query,7.38,f,,"{""Elei√ß√µes Presidenciais 2022""}"
Judici√°rio,"",1531788878050480128,{Judici√°rio},"[{""url"": ""https://www1.folha.uol.com.br/mercado/2022/05/barroso-do-stf-cancela-depoimento-de-guedes-em-inquerito-sobre-renan-calheiros.shtml?utm_source=twitter&utm_medium=social&utm_campaign=twfolha"", ""type"": ""link""}]","{""tweet"": 1531788878050480128, ""score_name_emoji"": 0.0, ""score_action_call"": 0.0, ""score_mixed_terms"": 2.0, ""score_name_length"": 1.0, ""score_tweet_emoji"": 0.0, ""score_tweet_length"": 0.0, ""score_profile_faces"": -1.0, ""score_tweet_queries"": 0.0, ""score_alarmist_tweet"": 0.0, ""score_average_tweets"": 4.0, ""score_tweet_hashtags"": 0.0, ""score_changed_picture"": 1.0, ""score_followers_count"": 2.0, ""score_offensive_tweet"": 0.0, ""score_tweet_uppercase"": 1.0, ""score_account_creation"": 0.0, ""score_profile_verified"": 1.0, ""score_third_level_term"": 0.0, ""score_zero_connections"": 0.0, ""score_friends_followers"": 2.0, ""score_provocation_tweet"": 1.0, ""score_random_screenname"": 1.0, ""score_changed_background"": 1.0, ""score_creation_followers"": 0.0, ""score_exaggeration_tweet"": 0.0, ""score_followers_retweets"": 0.0, ""score_creation_threemonth"": 0.0}",2022-06-01 00:05:02+00,"Mercado: Barroso, do STF, cancela depoimento de Guedes em inqu√©rito sobre Renan Calheiros ",{},0,0,Folha Mercado,folha_mercado,2009-11-19 15:46:33+00,t,199027,438,99633,https://pbs.twimg.com/profile_images/839570010028838916/VQPRct0h_400x400.jpg,t,t,https://twitter.com/folha_mercado/status/1531788878050480128,2022-06-01 01:15:29.930465+00,api_query,0,f,,{}
Coronav√≠rus,"",1531788993133780992,{Coronav√≠rus},[],"{""tweet"": 1531788993133780992, ""score_name_emoji"": 0.0, ""score_action_call"": 0.0, ""score_mixed_terms"": 2.0, ""score_name_length"": 1.0, ""score_tweet_emoji"": 0.0, ""score_tweet_length"": 0.0, ""score_profile_faces"": 2.0, ""score_tweet_queries"": 0.0, ""score_alarmist_tweet"": 0.0, ""score_average_tweets"": -5.0, ""score_tweet_hashtags"": 0.0, ""score_changed_picture"": 1.0, ""score_followers_count"": -2.0, ""score_offensive_tweet"": 0.0, ""score_tweet_uppercase"": 1.0, ""score_account_creation"": 0.0, ""score_profile_verified"": 0.0, ""score_third_level_term"": 0.0, ""score_zero_connections"": 0.0, ""score_friends_followers"": -3.0, ""score_provocation_tweet"": 1.0, ""score_random_screenname"": -5.0, ""score_changed_background"": -2.0, ""score_creation_followers"": 0.0, ""score_exaggeration_tweet"": 0.0, ""score_followers_retweets"": 0.0, ""score_creation_threemonth"": -5.0}",2022-06-01 00:05:29+00,"@LiloVLOG Nas s√£o as vacinas mRNA, mas a Kriptonita que est√° na atmosfera causando tamb√©m o aquecimento bobal... rrurrarr√°...",{},0,0,Jobs Bronson,JobsBronson,2022-05-15 20:08:35+00,f,7,71,808,https://pbs.twimg.com/profile_images/1528872488582754312/He1xN3FO_400x400.jpg,t,f,https://twitter.com/JobsBronson/status/1531788993133780992,2022-06-01 01:15:18.608552+00,api_query,0,f,,{}
Coronav√≠rus,"",1531789010645012482,{Coronav√≠rus},[],"{""tweet"": 1531789010645012482, ""score_name_emoji"": 0.0, ""score_action_call"": 0.0, ""score_mixed_terms"": 2.0, ""score_name_length"": 0.0, ""score_tweet_emoji"": 0.0, ""score_tweet_length"": 0.0, ""score_profile_faces"": 2.0, ""score_tweet_queries"": 0.0, ""score_alarmist_tweet"": 0.0, ""score_average_tweets"": 4.0, ""score_tweet_hashtags"": 0.0, ""score_changed_picture"": 1.0, ""score_followers_count"": -2.0, ""score_offensive_tweet"": 0.0, ""score_tweet_uppercase"": 1.0, ""score_account_creation"": 0.0, ""score_profile_verified"": 0.0, ""score_third_level_term"": 0.0, ""score_zero_connections"": 0.0, ""score_friends_followers"": 2.0, ""score_provocation_tweet"": 1.0, ""score_random_screenname"": 1.0, ""score_changed_background"": -2.0, ""score_creation_followers"": 0.0, ""score_exaggeration_tweet"": 0.0, ""score_followers_retweets"": 0.0, ""score_creation_threemonth"": 0.0}",2022-06-01 00:05:34+00,@jualmeida0710 Vem amiga! Depois das vacinas vou com ele na pracinha! Mas s√≥ depois da terceira. Demora um pouquinho ainda,{},1,0,10 de junho #N√ÉOVAIROLAR,kadiasfb,2020-05-30 01:16:20+00,f,233,476,5149,https://pbs.twimg.com/profile_images/1524927472466272264/7R4wZP9v_400x400.jpg,t,f,https://twitter.com/kadiasfb/status/1531789010645012482,2022-06-01 01:15:24.78163+00,api_query,0,f,,{}
Elei√ß√µes Presidenciais 2022,"",1531789027183140867,"{""Elei√ß√µes Presidenciais 2022""}",[],"{""tweet"": 1531789027183140867, ""score_name_emoji"": 0.0, ""score_action_call"": 0.0, ""score_mixed_terms"": -2.0, ""score_name_length"": 0.0, ""score_tweet_emoji"": 0.0, ""score_tweet_length"": 0.0, ""score_profile_faces"": 2.0, ""score_tweet_queries"": 0.0, ""score_alarmist_tweet"": -2.0, ""score_average_tweets"": 4.0, ""score_tweet_hashtags"": 0.0, ""score_changed_picture"": 1.0, ""score_followers_count"": 2.0, ""score_offensive_tweet"": -3.0, ""score_tweet_uppercase"": -4.0, ""score_account_creation"": 0.0, ""score_profile_verified"": 0.0, ""score_third_level_term"": 0.0, ""score_zero_connections"": 0.0, ""score_friends_followers"": 2.0, ""score_provocation_tweet"": 1.0, ""score_random_screenname"": 1.0, ""score_changed_background"": 1.0, ""score_creation_followers"": 0.0, ""score_exaggeration_tweet"": 0.0, ""score_followers_retweets"": 0.0, ""score_creation_threemonth"": 0.0}",2022-06-01 00:05:38+00,"@94Rodrigo08 @AlessandroLoio2 O q ele quiz dizer √© q Bolsonaro tinha q ter  ATITUDE ! IMPOR RESPEITO ! TER PALAVRA ! CUMPRIR SUAS PROMESSAS ! Se D√≥ria tem algum apoio p isto, o Presidente tem o MAIOR APOIO POPULAR DO MUNDO al√©m da CF e d ser CHEFE DE ESTADO . Mas PORCOS distorcem o dito por @AlessandroLoio2",{},0,0,üáßüá∑3Ô∏è‚É£5Ô∏è‚É£ Roberto Boni,BoniCoverRei,2009-10-17 02:36:33+00,f,24752,7359,83575,https://pbs.twimg.com/profile_images/1513986710895476737/hcLwo_Qa_400x400.jpg,t,t,https://twitter.com/BoniCoverRei/status/1531789027183140867,2022-06-01 01:15:58.44628+00,monitoring,0,f,,{}
Coronav√≠rus,"",1531789050700603392,{Coronav√≠rus},[],"{""tweet"": 1531789050700603392, ""score_name_emoji"": 0.0, ""score_action_call"": 0.0, ""score_mixed_terms"": 2.0, ""score_name_length"": 0.0, ""score_tweet_emoji"": 0.0, ""score_tweet_length"": 0.0, ""score_profile_faces"": 2.0, ""score_tweet_queries"": 0.0, ""score_alarmist_tweet"": 0.0, ""score_average_tweets"": 4.0, ""score_tweet_hashtags"": 0.0, ""score_changed_picture"": 1.0, ""score_followers_count"": 2.0, ""score_offensive_tweet"": 0.0, ""score_tweet_uppercase"": 1.0, ""score_account_creation"": 0.0, ""score_profile_verified"": 0.0, ""score_third_level_term"": 0.0, ""score_zero_connections"": 0.0, ""score_friends_followers"": 2.0, ""score_provocation_tweet"": 1.0, ""score_random_screenname"": 1.0, ""score_changed_background"": 1.0, ""score_creation_followers"": 0.0, ""score_exaggeration_tweet"": 0.0, ""score_followers_retweets"": 0.0, ""score_creation_threemonth"": 0.0}",2022-06-01 00:05:43+00,"@luccaos Vou te dizer que achava que ia ser mais suave por causa das vacinas

√â uma merda mesmo que nao seja letal

Nao recomendo",{},0,0,ùïæùñóùñôùñÜÃÅ ùì•ùñéùìöùñÜùì¥ùñÜùñòùñçùñé ùì•ùñéùñáùñä ùïºùñöùñäùñìùñôùñä,imapanicbomb,2009-05-31 21:32:44+00,f,2815,613,72390,https://pbs.twimg.com/profile_images/1509278006480678925/7guyY-gb_400x400.jpg,t,t,https://twitter.com/imapanicbomb/status/1531789050700603392,2022-06-01 01:15:24.7814+00,api_query,0,f,,{}
Coronav√≠rus,"",1531789102911201280,{Coronav√≠rus},[],"{""tweet"": 1531789102911201280, ""score_name_emoji"": 0.0, ""score_action_call"": 0.0, ""score_mixed_terms"": 2.0, ""score_name_length"": 1.0, ""score_tweet_emoji"": 0.0, ""score_tweet_length"": 0.0, ""score_profile_faces"": -1.0, ""score_tweet_queries"": 0.0, ""score_alarmist_tweet"": 0.0, ""score_average_tweets"": 4.0, ""score_tweet_hashtags"": 0.0, ""score_changed_picture"": 1.0, ""score_followers_count"": -2.0, ""score_offensive_tweet"": 0.0, ""score_tweet_uppercase"": 1.0, ""score_account_creation"": 0.0, ""score_profile_verified"": 0.0, ""score_third_level_term"": 0.0, ""score_zero_connections"": 0.0, ""score_friends_followers"": 2.0, ""score_provocation_tweet"": 1.0, ""score_random_screenname"": 1.0, ""score_changed_background"": 1.0, ""score_creation_followers"": 0.0, ""score_exaggeration_tweet"": 0.0, ""score_followers_retweets"": 0.0, ""score_creation_threemonth"": 0.0}",2022-06-01 00:05:56+00,@anamartinsc22 Tbm t√¥ cheia de picada mas n√£o acho o carrapato,{},1,0,Juju,julianavicennt,2011-08-27 18:54:12+00,f,134,124,869,https://pbs.twimg.com/profile_images/1425129859651719171/2tlkcguu_400x400.jpg,t,t,https://twitter.com/julianavicennt/status/1531789102911201280,2022-06-01 01:15:18.565111+00,api_query,0,f,,{}
Coronav√≠rus,"",1531789170401763329,{Coronav√≠rus},[],null,2022-06-01 00:06:12+00,@gugachacra E mais uma vez as vacinas vencem,{},0,0,small cloud magellanic,rickyleitor,2011-01-15 15:50:38+00,f,443,894,7740,https://pbs.twimg.com/profile_images/1508890709922824197/nXnAZi3i_400x400.jpg,t,t,https://twitter.com/rickyleitor/status/1531789170401763329,2022-06-01 01:15:24.780929+00,api_query,0,f,,{}
Elei√ß√µes Presidenciais 2022,"",1531789207382986753,"{""Elei√ß√µes Presidenciais 2022""}",[],"{""tweet"": 1531789207382986753, ""score_name_emoji"": 0.0, ""score_action_call"": 0.0, ""score_mixed_terms"": 0.0, ""score_name_length"": 0.0, ""score_tweet_emoji"": 0.0, ""score_tweet_length"": 0.0, ""score_profile_faces"": -1.0, ""score_tweet_queries"": 0.0, ""score_alarmist_tweet"": 0.0, ""score_average_tweets"": 4.0, ""score_tweet_hashtags"": 0.0, ""score_changed_picture"": 1.0, ""score_followers_count"": 2.0, ""score_offensive_tweet"": -3.0, ""score_tweet_uppercase"": 1.0, ""score_account_creation"": 0.0, ""score_profile_verified"": 0.0, ""score_third_level_term"": 0.0, ""score_zero_connections"": 0.0, ""score_friends_followers"": 2.0, ""score_provocation_tweet"": 1.0, ""score_random_screenname"": -5.0, ""score_changed_background"": -2.0, ""score_creation_followers"": 0.0, ""score_exaggeration_tweet"": 0.0, ""score_followers_retweets"": 0.0, ""score_creation_threemonth"": 0.0}",2022-06-01 00:06:20+00,"@TerraBrasilnot Podem falar o que quiserem falar, eu tenho o direito de continuar n√£o  acreditando na palavra de Ministro que solta bandido para concorrer com a ficha limpa!
N√£o  acredito que meu voto ser√°  computado para quem eu digitar, sem verific√°-lo impresso caindo na urna!
@TSEjusbr",{},0,0,Brasil acima de tudo! üáßüá∑2Ô∏è‚É£2Ô∏è‚É£ü§ùüì¢üåç,Estevao_1974,2011-12-21 13:31:29+00,f,5171,5280,103462,https://pbs.twimg.com/profile_images/1434681214732996611/tGqbhGsl_400x400.jpg,t,f,https://twitter.com/Estevao_1974/status/1531789207382986753,2022-06-01 01:15:42.700928+00,monitoring,0,f,,{}
Elei√ß√µes Presidenciais 2022,"",1531789216652398593,"{""Elei√ß√µes Presidenciais 2022""}",[],"{""tweet"": 1531789216652398593, ""score_name_emoji"": 0.0, ""score_action_call"": 0.0, ""score_mixed_terms"": 0.0, ""score_name_length"": 1.0, ""score_tweet_emoji"": 0.0, ""score_tweet_length"": 0.0, ""score_profile_faces"": -1.0, ""score_tweet_queries"": 1.0, ""score_alarmist_tweet"": 0.0, ""score_average_tweets"": 4.0, ""score_tweet_hashtags"": 0.0, ""score_changed_picture"": 1.0, ""score_followers_count"": -2.0, ""score_offensive_tweet"": -3.0, ""score_tweet_uppercase"": 1.0, ""score_account_creation"": 0.0, ""score_profile_verified"": 0.0, ""score_third_level_term"": -5.0, ""score_zero_connections"": 0.0, ""score_friends_followers"": 2.0, ""score_provocation_tweet"": 1.0, ""score_random_screenname"": -5.0, ""score_changed_background"": 1.0, ""score_creation_followers"": 0.0, ""score_exaggeration_tweet"": 0.0, ""score_followers_retweets"": 0.0, ""score_creation_threemonth"": 0.0}",2022-06-01 00:06:23+00,"@CNNBrasil quer voto audit√°vel mas decreta sigilo em tudo

corrupto desgra√ßado",{},0,0,sim com certeza,deathtricks,2009-12-24 03:55:41+00,f,151,567,2796,https://pbs.twimg.com/profile_images/1139230216658857984/nqBzrkBy_400x400.png,t,t,https://twitter.com/deathtricks/status/1531789216652398593,2022-06-01 01:15:42.620586+00,api_query,3.69,t,,"{""Elei√ß√µes Presidenciais 2022""}"
"Judici√°rio, Elei√ß√µes Presidenciais 2022","",1531789236072071170,"{Judici√°rio,""Elei√ß√µes Presidenciais 2022""}",[],"{""tweet"": 1531789236072071170, ""score_name_emoji"": 0.0, ""score_action_call"": 0.0, ""score_mixed_terms"": 0.0, ""score_name_length"": 1.0, ""score_tweet_emoji"": 0.0, ""score_tweet_length"": 0.0, ""score_profile_faces"": -1.0, ""score_tweet_queries"": 0.0, ""score_alarmist_tweet"": 0.0, ""score_average_tweets"": 4.0, ""score_tweet_hashtags"": 0.0, ""score_changed_picture"": 1.0, ""score_followers_count"": -2.0, ""score_offensive_tweet"": 0.0, ""score_tweet_uppercase"": 1.0, ""score_account_creation"": 0.0, ""score_profile_verified"": 0.0, ""score_third_level_term"": 0.0, ""score_zero_connections"": 0.0, ""score_friends_followers"": 2.0, ""score_provocation_tweet"": -3.0, ""score_random_screenname"": 1.0, ""score_changed_background"": 1.0, ""score_creation_followers"": 0.0, ""score_exaggeration_tweet"": 0.0, ""score_followers_retweets"": 0.0, ""score_creation_threemonth"": 0.0}",2022-06-01 00:06:27+00,"@kimpaim O teatro de jornais tradicionais e oficiais para validar as pesquisas est√° muito forte.

At√© parece que combinaram com o TSE.

.",{},0,0,Carlos Braz,carlobraz,2009-07-25 18:40:01+00,f,473,845,11807,https://pbs.twimg.com/profile_images/1359229687889813504/VlLcUxtB_400x400.jpg,t,t,https://twitter.com/carlobraz/status/1531789236072071170,2022-06-01 01:15:42.620467+00,api_query,0,f,,{}
"Judici√°rio, Elei√ß√µes Presidenciais 2022","",1531789290832904192,"{Judici√°rio,""Elei√ß√µes Presidenciais 2022""}",[],"{""tweet"": 1531789290832904192, ""score_name_emoji"": 0.0, ""score_action_call"": 0.0, ""score_mixed_terms"": 2.0, ""score_name_length"": 0.0, ""score_tweet_emoji"": 0.0, ""score_tweet_length"": 0.0, ""score_profile_faces"": 2.0, ""score_tweet_queries"": 0.0, ""score_alarmist_tweet"": 0.0, ""score_average_tweets"": 4.0, ""score_tweet_hashtags"": 0.0, ""score_changed_picture"": 1.0, ""score_followers_count"": 2.0, ""score_offensive_tweet"": 0.0, ""score_tweet_uppercase"": -4.0, ""score_account_creation"": 0.0, ""score_profile_verified"": 0.0, ""score_third_level_term"": 0.0, ""score_zero_connections"": 0.0, ""score_friends_followers"": 2.0, ""score_provocation_tweet"": 1.0, ""score_random_screenname"": 1.0, ""score_changed_background"": -2.0, ""score_creation_followers"": 0.0, ""score_exaggeration_tweet"": 0.0, ""score_followers_retweets"": 0.0, ""score_creation_threemonth"": 0.0}",2022-06-01 00:06:40+00,@ViniMello14 Quem disse que s√£o seguras e confi√°veis AOS ATAQUES PLANEJADOS DO TESTE DE ONTEM foi o TSE. E quem diz que √© VULNER√ÅVEL √© um hacker que est√° preso!  E  o presidente √© MEU MITO sim. E de mais 57 milh√µes de brasileiros.,{},1,0,Valeria Bernardo #LIBERDADE,ValeriaBnews,2019-08-13 19:20:00+00,f,37690,1964,24482,https://pbs.twimg.com/profile_images/1511932268041969664/m1TxgZjx_400x400.jpg,t,f,https://twitter.com/ValeriaBnews/status/1531789290832904192,2022-06-01 01:15:42.620349+00,api_query,0,f,,{}
"Judici√°rio, Democracia, Elei√ß√µes Presidenciais 2022","",1531789386144067584,"{Judici√°rio,Democracia,""Elei√ß√µes Presidenciais 2022""}","[{""url"": ""http://dlvr.it/SRPN3w"", ""type"": ""link""}]","{""tweet"": 1531789386144067584, ""score_name_emoji"": 0.0, ""score_action_call"": 0.0, ""score_mixed_terms"": 2.0, ""score_name_length"": 0.0, ""score_tweet_emoji"": 0.0, ""score_tweet_length"": 0.0, ""score_profile_faces"": 2.0, ""score_tweet_queries"": 0.0, ""score_alarmist_tweet"": 0.0, ""score_average_tweets"": 4.0, ""score_tweet_hashtags"": 0.0, ""score_changed_picture"": 1.0, ""score_followers_count"": 2.0, ""score_offensive_tweet"": 0.0, ""score_tweet_uppercase"": 1.0, ""score_account_creation"": 0.0, ""score_profile_verified"": 0.0, ""score_third_level_term"": 0.0, ""score_zero_connections"": 0.0, ""score_friends_followers"": 2.0, ""score_provocation_tweet"": 1.0, ""score_random_screenname"": 1.0, ""score_changed_background"": 1.0, ""score_creation_followers"": 0.0, ""score_exaggeration_tweet"": 0.0, ""score_followers_retweets"": 0.0, ""score_creation_threemonth"": 0.0}",2022-06-01 00:07:03+00,TSE autoriza transa√ß√µes via PIX para arrecada√ß√£o de campanhas nas Elei√ß√µes 2022 ,{},0,0,Cristiano - Papo de Mercado,PapodeMercado1,2017-10-09 10:18:32+00,f,1810,527,46553,https://pbs.twimg.com/profile_images/1488477453639106567/7GihNH0R_400x400.jpg,t,t,https://twitter.com/PapodeMercado1/status/1531789386144067584,2022-06-01 01:15:42.620222+00,api_query,0,f,,{}
"Judici√°rio, Elei√ß√µes Presidenciais 2022","",1531789402095206400,"{Judici√°rio,""Elei√ß√µes Presidenciais 2022""}",[],"{""tweet"": 1531789402095206400, ""score_name_emoji"": 0.0, ""score_action_call"": 0.0, ""score_mixed_terms"": 0.0, ""score_name_length"": 0.0, ""score_tweet_emoji"": -1.0, ""score_tweet_length"": 0.0, ""score_profile_faces"": -1.0, ""score_tweet_queries"": 0.0, ""score_alarmist_tweet"": 0.0, ""score_average_tweets"": 4.0, ""score_tweet_hashtags"": 0.0, ""score_changed_picture"": 1.0, ""score_followers_count"": -2.0, ""score_offensive_tweet"": 0.0, ""score_tweet_uppercase"": 1.0, ""score_account_creation"": 0.0, ""score_profile_verified"": 0.0, ""score_third_level_term"": 0.0, ""score_zero_connections"": 0.0, ""score_friends_followers"": -3.0, ""score_provocation_tweet"": -3.0, ""score_random_screenname"": 1.0, ""score_changed_background"": -2.0, ""score_creation_followers"": 0.0, ""score_exaggeration_tweet"": 0.0, ""score_followers_retweets"": 0.0, ""score_creation_threemonth"": 0.0}",2022-06-01 00:07:07+00,"@ZNC_Oficial @Najulia_lacerda E a√≠ querido, passando agradecer o trabalho que voc√™ fez  a popula√ß√£o brasileira, mostrando os lar√°pios, bandidos camuflados, falsos crist√£os e aproveitadores da inoc√™ncia popular

Vai acabar a mamata gra√ßas a voc√™ e sua intelig√™ncia üòÇ fez mais em um story que o TCU e em 4 anos",{},0,0,Dadinho √© o caralho,descendoomorro,2021-08-16 06:00:49+00,f,14,109,685,https://pbs.twimg.com/profile_images/1484242166931202049/p1gKSkLb_400x400.jpg,t,f,https://twitter.com/descendoomorro/status/1531789402095206400,2022-06-01 01:15:29.901294+00,api_query,0,f,,{}
"Judici√°rio, Elei√ß√µes Presidenciais 2022","",1531789415126691840,"{Judici√°rio,""Elei√ß√µes Presidenciais 2022""}","[{""url"": ""http://pbs.twimg.com/media/FUICWwUUYAA_7Lu.jpg"", ""type"": ""image""}, {""url"": ""http://dlvr.it/SRPNBf"", ""type"": ""link""}]","{""tweet"": 1531789415126691840, ""score_name_emoji"": 0.0, ""score_action_call"": 0.0, ""score_mixed_terms"": 2.0, ""score_name_length"": 0.0, ""score_tweet_emoji"": 0.0, ""score_tweet_length"": 0.0, ""score_profile_faces"": -1.0, ""score_tweet_queries"": 0.0, ""score_alarmist_tweet"": 0.0, ""score_average_tweets"": 4.0, ""score_tweet_hashtags"": 0.0, ""score_changed_picture"": 1.0, ""score_followers_count"": -2.0, ""score_offensive_tweet"": 0.0, ""score_tweet_uppercase"": 1.0, ""score_account_creation"": 0.0, ""score_profile_verified"": 0.0, ""score_third_level_term"": 0.0, ""score_zero_connections"": 0.0, ""score_friends_followers"": -3.0, ""score_provocation_tweet"": 1.0, ""score_random_screenname"": 1.0, ""score_changed_background"": 1.0, ""score_creation_followers"": 0.0, ""score_exaggeration_tweet"": 0.0, ""score_followers_retweets"": 0.0, ""score_creation_threemonth"": 0.0}",2022-06-01 00:07:10+00,TSE autoriza doa√ß√µes para campanhas eleitorais pelo Pix  ,{},0,1,R√°dio Web Atividade,radiowebativida,2013-03-13 03:08:56+00,f,135,1086,35088,https://pbs.twimg.com/profile_images/1286145081972527106/v_Rgn0Oq_400x400.png,t,t,https://twitter.com/radiowebativida/status/1531789415126691840,2022-06-01 01:15:42.62011+00,api_query,0,f,,{}
Judici√°rio,"",1531789436446334981,{Judici√°rio},"[{""url"": ""http://dlvr.it/SRPNCN"", ""type"": ""link""}]","{""tweet"": 1531789436446334981, ""score_name_emoji"": 0.0, ""score_action_call"": 0.0, ""score_mixed_terms"": 2.0, ""score_name_length"": 1.0, ""score_tweet_emoji"": 0.0, ""score_tweet_length"": 0.0, ""score_profile_faces"": 2.0, ""score_tweet_queries"": 0.0, ""score_alarmist_tweet"": 0.0, ""score_average_tweets"": -5.0, ""score_tweet_hashtags"": 0.0, ""score_changed_picture"": 1.0, ""score_followers_count"": 2.0, ""score_offensive_tweet"": 0.0, ""score_tweet_uppercase"": 1.0, ""score_account_creation"": 0.0, ""score_profile_verified"": 0.0, ""score_third_level_term"": 0.0, ""score_zero_connections"": 0.0, ""score_friends_followers"": 2.0, ""score_provocation_tweet"": 1.0, ""score_random_screenname"": 1.0, ""score_changed_background"": 1.0, ""score_creation_followers"": 0.0, ""score_exaggeration_tweet"": 0.0, ""score_followers_retweets"": 0.0, ""score_creation_threemonth"": 0.0}",2022-06-01 00:07:15+00,"Barroso, do STF, cancela depoimento de Guedes em inqu√©rito sobre Renan Calheiros ",{},0,0,vonivar,vonivar,2007-11-29 15:18:58+00,f,2870,2142,966161,https://pbs.twimg.com/profile_images/1388570838316748800/61zLogyi_400x400.jpg,t,t,https://twitter.com/vonivar/status/1531789436446334981,2022-06-01 01:15:29.93035+00,api_query,0,f,,{}
Coronav√≠rus,"",1531789441316048898,{Coronav√≠rus},[],"{""tweet"": 1531789441316048898, ""score_name_emoji"": 0.0, ""score_action_call"": 0.0, ""score_mixed_terms"": 0.0, ""score_name_length"": 1.0, ""score_tweet_emoji"": 0.0, ""score_tweet_length"": 0.0, ""score_profile_faces"": 2.0, ""score_tweet_queries"": 0.0, ""score_alarmist_tweet"": 0.0, ""score_average_tweets"": 4.0, ""score_tweet_hashtags"": 0.0, ""score_changed_picture"": 1.0, ""score_followers_count"": -2.0, ""score_offensive_tweet"": 0.0, ""score_tweet_uppercase"": 1.0, ""score_account_creation"": 0.0, ""score_profile_verified"": 0.0, ""score_third_level_term"": 0.0, ""score_zero_connections"": 0.0, ""score_friends_followers"": 2.0, ""score_provocation_tweet"": -3.0, ""score_random_screenname"": 1.0, ""score_changed_background"": 1.0, ""score_creation_followers"": 0.0, ""score_exaggeration_tweet"": 0.0, ""score_followers_retweets"": 0.0, ""score_creation_threemonth"": 0.0}",2022-06-01 00:07:16+00,@_DaPatria_ Tr√™s vezes infectada pelo v√≠rus?Quer dizer que as vacinas n√£o evitam a doen√ßa certo? Ser√° que o ministro Kidroga agora se convencer√° disso?Saberemos nas cenas do pr√≥ximo cap√≠tulo...,{},0,0,Lyah,DeusaElo,2013-05-26 02:57:29+00,f,439,106,12856,https://pbs.twimg.com/profile_images/1512475561234468870/GGX1QRHc_400x400.jpg,t,t,https://twitter.com/DeusaElo/status/1531789441316048898,2022-06-01 01:15:24.779993+00,api_query,0,f,,{}
Judici√°rio,"",1531789444247789568,{Judici√°rio},"[{""url"": ""http://dlvr.it/SRPNCW"", ""type"": ""link""}]","{""tweet"": 1531789444247789568, ""score_name_emoji"": 0.0, ""score_action_call"": 0.0, ""score_mixed_terms"": 2.0, ""score_name_length"": 1.0, ""score_tweet_emoji"": 0.0, ""score_tweet_length"": 0.0, ""score_profile_faces"": 2.0, ""score_tweet_queries"": 0.0, ""score_alarmist_tweet"": 0.0, ""score_average_tweets"": -5.0, ""score_tweet_hashtags"": 0.0, ""score_changed_picture"": 1.0, ""score_followers_count"": 2.0, ""score_offensive_tweet"": 0.0, ""score_tweet_uppercase"": 1.0, ""score_account_creation"": 0.0, ""score_profile_verified"": 0.0, ""score_third_level_term"": 0.0, ""score_zero_connections"": 0.0, ""score_friends_followers"": 2.0, ""score_provocation_tweet"": 1.0, ""score_random_screenname"": 1.0, ""score_changed_background"": 1.0, ""score_creation_followers"": 0.0, ""score_exaggeration_tweet"": 0.0, ""score_followers_retweets"": 0.0, ""score_creation_threemonth"": 0.0}",2022-06-01 00:07:17+00,"Barroso, do STF, cancela depoimento de Guedes em inqu√©rito sobre Renan Calheiros ",{},0,0,vonivar,vonivar,2007-11-29 15:18:58+00,f,2870,2142,966161,https://pbs.twimg.com/profile_images/1388570838316748800/61zLogyi_400x400.jpg,t,t,https://twitter.com/vonivar/status/1531789444247789568,2022-06-01 01:15:29.930236+00,api_query,0,f,,{}
"Judici√°rio, Elei√ß√µes Presidenciais 2022","",1531789488850075649,"{Judici√°rio,""Elei√ß√µes Presidenciais 2022""}","[{""url"": ""http://pbs.twimg.com/media/FUICa6fXEAgxTcT.png"", ""type"": ""image""}]","{""tweet"": 1531789488850075649, ""score_name_emoji"": 0.0, ""score_action_call"": 0.0, ""score_mixed_terms"": 2.0, ""score_name_length"": 0.0, ""score_tweet_emoji"": 0.0, ""score_tweet_length"": 0.0, ""score_profile_faces"": 2.0, ""score_tweet_queries"": 1.0, ""score_alarmist_tweet"": 0.0, ""score_average_tweets"": 4.0, ""score_tweet_hashtags"": 0.0, ""score_changed_picture"": 1.0, ""score_followers_count"": 2.0, ""score_offensive_tweet"": 0.0, ""score_tweet_uppercase"": 1.0, ""score_account_creation"": 0.0, ""score_profile_verified"": 0.0, ""score_third_level_term"": -5.0, ""score_zero_connections"": 0.0, ""score_friends_followers"": 2.0, ""score_provocation_tweet"": 1.0, ""score_random_screenname"": 1.0, ""score_changed_background"": 1.0, ""score_creation_followers"": 0.0, ""score_exaggeration_tweet"": 0.0, ""score_followers_retweets"": 0.0, ""score_creation_threemonth"": 0.0}",2022-06-01 00:07:28+00,"@RoseBacellar @Jorgevilhena @camaradeputados se tivesse essa coragem contra os ministros do $TF, ter√≠amos  o voto impresso aprovado!
@alagoas

N√£o votem no PP em 2022! ",{},0,0,J√∫lio C√©sar Barros,julio_c_barros,2009-03-20 01:14:48+00,f,2948,3420,9120,https://pbs.twimg.com/profile_images/1435358657731080192/jhDPmV1c_400x400.jpg,t,t,https://twitter.com/julio_c_barros/status/1531789488850075649,2022-06-01 01:15:29.930121+00,api_query,8,f,,"{Judici√°rio,""Elei√ß√µes Presidenciais 2022""}"
"Judici√°rio, Elei√ß√µes Presidenciais 2022","",1531789498585165824,"{Judici√°rio,""Elei√ß√µes Presidenciais 2022""}","[{""url"": ""https://revistaoeste.com/politica/teste-de-seguranca-das-urnas-eletronicas-do-tse-e-insuficiente-diz-especialista/"", ""type"": ""link""}]","{""tweet"": 1531789498585165824, ""score_name_emoji"": 0.0, ""score_action_call"": 0.0, ""score_mixed_terms"": 2.0, ""score_name_length"": 1.0, ""score_tweet_emoji"": 0.0, ""score_tweet_length"": 0.0, ""score_profile_faces"": 2.0, ""score_tweet_queries"": 0.0, ""score_alarmist_tweet"": 0.0, ""score_average_tweets"": -5.0, ""score_tweet_hashtags"": 0.0, ""score_changed_picture"": 1.0, ""score_followers_count"": 2.0, ""score_offensive_tweet"": 0.0, ""score_tweet_uppercase"": 1.0, ""score_account_creation"": 0.0, ""score_profile_verified"": 0.0, ""score_third_level_term"": 0.0, ""score_zero_connections"": 0.0, ""score_friends_followers"": 2.0, ""score_provocation_tweet"": 1.0, ""score_random_screenname"": 1.0, ""score_changed_background"": -2.0, ""score_creation_followers"": 0.0, ""score_exaggeration_tweet"": 0.0, ""score_followers_retweets"": 0.0, ""score_creation_threemonth"": 0.0}",2022-06-01 00:07:30+00,"Teste de seguran√ßa das urnas eletr√¥nicas do TSE √© insuficiente, diz especialista ",{},26,9,Jorge Wam üáßüá∑,jorge_wam,2018-06-21 00:53:40+00,f,18060,16429,138534,https://pbs.twimg.com/profile_images/1347785432076050434/bAWpEdB__400x400.jpg,t,f,https://twitter.com/jorge_wam/status/1531789498585165824,2022-06-01 01:15:42.619999+00,api_query,0,f,,{}
Judici√°rio,"",1531789515165257730,{Judici√°rio},"[{""url"": ""http://pbs.twimg.com/media/FUICcDfWAAAety3.jpg"", ""type"": ""image""}]","{""tweet"": 1531789515165257730, ""score_name_emoji"": 0.0, ""score_action_call"": 0.0, ""score_mixed_terms"": 2.0, ""score_name_length"": 0.0, ""score_tweet_emoji"": 0.0, ""score_tweet_length"": 0.0, ""score_profile_faces"": -1.0, ""score_tweet_queries"": 0.0, ""score_alarmist_tweet"": 0.0, ""score_average_tweets"": 4.0, ""score_tweet_hashtags"": 0.0, ""score_changed_picture"": 1.0, ""score_followers_count"": -2.0, ""score_offensive_tweet"": 0.0, ""score_tweet_uppercase"": -4.0, ""score_account_creation"": 0.0, ""score_profile_verified"": 0.0, ""score_third_level_term"": 0.0, ""score_zero_connections"": 0.0, ""score_friends_followers"": 2.0, ""score_provocation_tweet"": 1.0, ""score_random_screenname"": 1.0, ""score_changed_background"": -2.0, ""score_creation_followers"": 0.0, ""score_exaggeration_tweet"": 0.0, ""score_followers_retweets"": 0.0, ""score_creation_threemonth"": 0.0}",2022-06-01 00:07:34+00,"FACHIN, FUX, BARROSO, LEVANDOWSKI, ALEXANDRE DE MORAES E TOFFOLI SUBAM OS MORROS COM LIVROS, FLORES E GUARDAS CHUVA!! ",{},16,7,Mariliza Maria machaüáßüá∑üáßüá∑üáßüá∑,macha_mariliza,2016-12-14 17:41:41+00,f,897,1061,78698,https://pbs.twimg.com/profile_images/1145328091419566082/fGXCE1U3_400x400.jpg,t,f,https://twitter.com/macha_mariliza/status/1531789515165257730,2022-06-01 01:15:29.930003+00,api_query,0,f,,{}
"Judici√°rio, Democracia, Elei√ß√µes Presidenciais 2022","",1531789527232270336,"{Judici√°rio,Democracia,""Elei√ß√µes Presidenciais 2022""}",[],"{""tweet"": 1531789527232270336, ""score_name_emoji"": 0.0, ""score_action_call"": 0.0, ""score_mixed_terms"": 0.0, ""score_name_length"": 1.0, ""score_tweet_emoji"": 0.0, ""score_tweet_length"": 0.0, ""score_profile_faces"": 2.0, ""score_tweet_queries"": 1.0, ""score_alarmist_tweet"": 0.0, ""score_average_tweets"": 4.0, ""score_tweet_hashtags"": 0.0, ""score_changed_picture"": 1.0, ""score_followers_count"": -2.0, ""score_offensive_tweet"": -3.0, ""score_tweet_uppercase"": 1.0, ""score_account_creation"": 0.0, ""score_profile_verified"": 0.0, ""score_third_level_term"": 0.0, ""score_zero_connections"": 0.0, ""score_friends_followers"": -3.0, ""score_provocation_tweet"": 1.0, ""score_random_screenname"": 1.0, ""score_changed_background"": -2.0, ""score_creation_followers"": 0.0, ""score_exaggeration_tweet"": 0.0, ""score_followers_retweets"": 0.0, ""score_creation_threemonth"": -5.0}",2022-06-01 00:07:37+00,@jairbolsonaro Eu acho que o Bolsonaro est√° sendo um santo ainda eu no lugar dele  por muito menos acionava o ART 142 que j√° est√° mais do que na hora...botar esses vermes no decido lugar como diz o Stallone Cobra: Com louco n√£o se discute....,{},0,0,Eduardo Osti,EduardoOsti3,2022-05-06 16:46:38+00,f,2,53,180,https://pbs.twimg.com/profile_images/1528500648064458753/w5v-dmUG_400x400.jpg,t,f,https://twitter.com/EduardoOsti3/status/1531789527232270336,2022-06-01 01:15:24.779647+00,api_query,4.31,t,,"{Judici√°rio,Democracia}"
Coronav√≠rus,"",1531789534106685441,{Coronav√≠rus},[],"{""tweet"": 1531789534106685441, ""score_name_emoji"": 0.0, ""score_action_call"": 0.0, ""score_mixed_terms"": 2.0, ""score_name_length"": 1.0, ""score_tweet_emoji"": 0.0, ""score_tweet_length"": 0.0, ""score_profile_faces"": -1.0, ""score_tweet_queries"": 0.0, ""score_alarmist_tweet"": 0.0, ""score_average_tweets"": 4.0, ""score_tweet_hashtags"": 0.0, ""score_changed_picture"": 1.0, ""score_followers_count"": -2.0, ""score_offensive_tweet"": 0.0, ""score_tweet_uppercase"": 1.0, ""score_account_creation"": 0.0, ""score_profile_verified"": 0.0, ""score_third_level_term"": 0.0, ""score_zero_connections"": 0.0, ""score_friends_followers"": 2.0, ""score_provocation_tweet"": 1.0, ""score_random_screenname"": 1.0, ""score_changed_background"": -2.0, ""score_creation_followers"": 0.0, ""score_exaggeration_tweet"": 0.0, ""score_followers_retweets"": 0.0, ""score_creation_threemonth"": 0.0}",2022-06-01 00:07:38+00,"Dado aos fatos, bora dar um check nas vacinas que faltam ser carimbadas? 
E j√° aproveitar para comprar e a agendar a vacina da Gripe, que deve ser tomada todos os anos a partir dos 6 meses de idade! +",{},0,0,Vacinas.net,Vacinasnet,2021-09-24 17:26:50+00,f,12,38,69,https://pbs.twimg.com/profile_images/1441456421506371584/fc-54jWw_400x400.jpg,t,f,https://twitter.com/Vacinasnet/status/1531789534106685441,2022-06-01 01:15:24.779357+00,api_query,0,f,,{}
Elei√ß√µes Presidenciais 2022,"",1531789548333813761,"{""Elei√ß√µes Presidenciais 2022""}",[],"{""tweet"": 1531789548333813761, ""score_name_emoji"": 0.0, ""score_action_call"": 0.0, ""score_mixed_terms"": 2.0, ""score_name_length"": 1.0, ""score_tweet_emoji"": 0.0, ""score_tweet_length"": 0.0, ""score_profile_faces"": -1.0, ""score_tweet_queries"": 0.0, ""score_alarmist_tweet"": 0.0, ""score_average_tweets"": 4.0, ""score_tweet_hashtags"": 0.0, ""score_changed_picture"": 1.0, ""score_followers_count"": -2.0, ""score_offensive_tweet"": 0.0, ""score_tweet_uppercase"": 1.0, ""score_account_creation"": 0.0, ""score_profile_verified"": 0.0, ""score_third_level_term"": 0.0, ""score_zero_connections"": 0.0, ""score_friends_followers"": 2.0, ""score_provocation_tweet"": 1.0, ""score_random_screenname"": -5.0, ""score_changed_background"": -2.0, ""score_creation_followers"": 0.0, ""score_exaggeration_tweet"": 0.0, ""score_followers_retweets"": 0.0, ""score_creation_threemonth"": -5.0}",2022-06-01 00:07:42+00,"@JornalOGlobo Advogado,  n√£o.  √â dono do @STF_oficial . Vai de bermuda, de cuecas, faz o que quer ...manda muito...cobra caro, porque votam como ele manda...por isso n√£o gosta do presidente...",{},0,0,Maneva,Maneva1000,2022-04-21 14:24:46+00,f,20,135,1268,https://pbs.twimg.com/profile_images/1517154179323555845/CTTnrYha_400x400.jpg,t,f,https://twitter.com/Maneva1000/status/1531789548333813761,2022-06-01 01:15:24.777713+00,api_query,0,f,,{}
"Judici√°rio, Elei√ß√µes Presidenciais 2022","",1531789575949062150,"{Judici√°rio,""Elei√ß√µes Presidenciais 2022""}",[],"{""tweet"": 1531789575949062150, ""score_name_emoji"": 0.0, ""score_action_call"": 0.0, ""score_mixed_terms"": 2.0, ""score_name_length"": 1.0, ""score_tweet_emoji"": 0.0, ""score_tweet_length"": 0.0, ""score_profile_faces"": -1.0, ""score_tweet_queries"": 0.0, ""score_alarmist_tweet"": 0.0, ""score_average_tweets"": 4.0, ""score_tweet_hashtags"": 0.0, ""score_changed_picture"": 1.0, ""score_followers_count"": -2.0, ""score_offensive_tweet"": 0.0, ""score_tweet_uppercase"": -4.0, ""score_account_creation"": 0.0, ""score_profile_verified"": 0.0, ""score_third_level_term"": 0.0, ""score_zero_connections"": 0.0, ""score_friends_followers"": 2.0, ""score_provocation_tweet"": 1.0, ""score_random_screenname"": -5.0, ""score_changed_background"": -2.0, ""score_creation_followers"": 0.0, ""score_exaggeration_tweet"": 0.0, ""score_followers_retweets"": 0.0, ""score_creation_threemonth"": 0.0}",2022-06-01 00:07:48+00,"@renataagostini O hacker, como o pr√≥prio inquerito informou, ficou meses dentro dos sistemas da TSE. E depois o TSE, de forma muito esquisita sumiu com os logs de sistema daquele per√≠odo. Ou seja, n√£o deu para ver o que o hacker alterou. Claro que n√£o afetou o sistema, apagaram as evid√™ncias",{},0,0,JP Mendes,Ricardo21502599,2020-06-09 15:50:10+00,f,315,739,24393,https://pbs.twimg.com/profile_images/1456028887939489797/nszbudij_400x400.jpg,t,f,https://twitter.com/Ricardo21502599/status/1531789575949062150,2022-06-01 01:15:42.619879+00,api_query,0,f,,{}
"Judici√°rio, Elei√ß√µes Presidenciais 2022","",1531789586103517187,"{Judici√°rio,""Elei√ß√µes Presidenciais 2022""}",[],null,2022-06-01 00:07:51+00,Voc√™ confia no TSE ?,{},18,13,üáßüá∑ Rheder Silva üáßüá∑,SilvaRheder,2021-06-24 02:45:25+00,f,10398,11053,12304,https://pbs.twimg.com/profile_images/1417789966264963074/pIRRzhKW_400x400.jpg,t,f,https://twitter.com/SilvaRheder/status/1531789586103517187,2022-06-01 01:15:42.619745+00,api_query,0,f,,{}
Elei√ß√µes Presidenciais 2022,"#BolsonaroReeleito2022, #Transpar√™nciaElei√ß√µesJ√°",1531789600414478336,"{""Elei√ß√µes Presidenciais 2022""}",[],"{""tweet"": 1531789600414478336, ""score_name_emoji"": 0.0, ""score_action_call"": 0.0, ""score_mixed_terms"": 2.0, ""score_name_length"": 1.0, ""score_tweet_emoji"": -1.0, ""score_tweet_length"": 0.0, ""score_profile_faces"": 2.0, ""score_tweet_queries"": 0.0, ""score_alarmist_tweet"": 0.0, ""score_average_tweets"": 4.0, ""score_tweet_hashtags"": 0.0, ""score_changed_picture"": 1.0, ""score_followers_count"": 2.0, ""score_offensive_tweet"": 0.0, ""score_tweet_uppercase"": -4.0, ""score_account_creation"": 0.0, ""score_profile_verified"": 0.0, ""score_third_level_term"": 0.0, ""score_zero_connections"": 0.0, ""score_friends_followers"": 2.0, ""score_provocation_tweet"": 1.0, ""score_random_screenname"": 1.0, ""score_changed_background"": 1.0, ""score_creation_followers"": 0.0, ""score_exaggeration_tweet"": 0.0, ""score_followers_retweets"": 0.0, ""score_creation_threemonth"": 0.0}",2022-06-01 00:07:54+00,"@KathBolsonaro Para que essa postagem ganhe relev√¢ncia junto aos algoritmos do Twitter, todos devem, CURTIR üíü COMENTAR üó£Ô∏è e RETWEETAR üîÉ a lista de perfis. üôè
Posso contar contigo?
RETWEET üîÉ vai. Ajude-nos
@KathBolsonaro
@Vequione
